Product;;;;;;;;;ProductTranslation;;;;;ProductParameter;;ProductCategory;;ProductAccessory;;;
CompanyId;CurrencyId;ManufacturerId;UserId;ListPriceGross;ListPriceNet;Name;PartNumber;;DescriptionEN;DescriptionPL;TnameEN;TnamePL;;ProductParameter;;ProductCategory;;ProductAccessory;;;
1;3;1969;1;36,7032;29,84;WiFi Adapter;100620155;;WiFi Adapter;WiFi Adapter;WiFi Adapter;WiFi Adapter;;;;85;;;;;
1;3;1969;1;208,1898;169,26;Hard SEAGATE - 500GB, INTERNAL, 3.5", SATA-300, 7200RPM HARD DRIVE;9CA154;;Hard SEAGATE - 500GB, INTERNAL, 3.5", SATA-300, 7200RPM HARD DRIVE;Hard SEAGATE - 500GB, INTERNAL, 3.5", SATA-300, 7200RPM HARD DRIVE;Hard SEAGATE - 500GB, INTERNAL, 3.5", SATA-300, 7200RPM HARD DRIVE;Hard SEAGATE - 500GB, INTERNAL, 3.5", SATA-300, 7200RPM HARD DRIVE;;;;85;;;;;
1;3;1969;1;90,8232;73,84;Hard 146GB 10K U320 SCSI 2 3.5" Hot Swap HDD;9X2006-143;;Hard 146GB 10K U320 SCSI 2 3.5" Hot Swap HDD;Hard 146GB 10K U320 SCSI 2 3.5" Hot Swap HDD;Hard 146GB 10K U320 SCSI 2 3.5" Hot Swap HDD;Hard 146GB 10K U320 SCSI 2 3.5" Hot Swap HDD;;;;85;;;;;
1;3;1969;1;190,035;154,5;Hard Seagate Cheetah 15K.5 - Hard drive - 73.4 GB - internal - 3.5" - 4Gb Fibre Channel - 40 pin Centronics (SCA-2) - 15000 rpm - buffer: 16 MB Without Tray;9Z3004-039;;Hard Seagate Cheetah 15K.5 - Hard drive - 73.4 GB - internal - 3.5" - 4Gb Fibre Channel - 40 pin Centronics (SCA-2) - 15000 rpm - buffer: 16 MB Without Tray;Hard Seagate Cheetah 15K.5 - Hard drive - 73.4 GB - internal - 3.5" - 4Gb Fibre Channel - 40 pin Centronics (SCA-2) - 15000 rpm - buffer: 16 MB Without Tray;Hard Seagate Cheetah 15K.5 - Hard drive - 73.4 GB - internal - 3.5" - 4Gb Fibre Channel - 40 pin Centronics (SCA-2) - 15000 rpm - buffer: 16 MB Without Tray;Hard Seagate Cheetah 15K.5 - Hard drive - 73.4 GB - internal - 3.5" - 4Gb Fibre Channel - 40 pin Centronics (SCA-2) - 15000 rpm - buffer: 16 MB Without Tray;;;;85;;;;;
1;3;1969;1;25,1535;20,45;Hard Sun / Seagate - Hard drive - 73 GB - hot-swap - 3.5" - 2Gb Fibre Channel - 10000 rpm;DK32EJ72FSUN72G;;Hard Sun / Seagate - Hard drive - 73 GB - hot-swap - 3.5" - 2Gb Fibre Channel - 10000 rpm;Hard Sun / Seagate - Hard drive - 73 GB - hot-swap - 3.5" - 2Gb Fibre Channel - 10000 rpm;Hard Sun / Seagate - Hard drive - 73 GB - hot-swap - 3.5" - 2Gb Fibre Channel - 10000 rpm;Hard Sun / Seagate - Hard drive - 73 GB - hot-swap - 3.5" - 2Gb Fibre Channel - 10000 rpm;;;;85;;;;;
1;3;1969;1;124,0209;100,83;1TB 7200RPM 32M SATA;HD103SJ;;1TB 7200RPM 32M SATA;1TB 7200RPM 32M SATA;1TB 7200RPM 32M SATA;1TB 7200RPM 32M SATA;;;;85;;;;;
1;3;1969;1;98,6583;80,21;500GB 7200RPM SATA, 3.5INCH, SAMSUNG F3 - ST500DL001;HD502HJ;;500GB 7200RPM SATA, 3.5INCH, SAMSUNG F3 - ST500DL001;500GB 7200RPM SATA, 3.5INCH, SAMSUNG F3 - ST500DL001;500GB 7200RPM SATA, 3.5INCH, SAMSUNG F3 - ST500DL001;500GB 7200RPM SATA, 3.5INCH, SAMSUNG F3 - ST500DL001;;;;85;;;;;
1;3;1969;1;64,7841;52,67;160GB 5400RPM M8 MOBILE;HN-M160MBB;;160GB 5400RPM M8 MOBILE;160GB 5400RPM M8 MOBILE;160GB 5400RPM M8 MOBILE;160GB 5400RPM M8 MOBILE;;;;85;;;;;
1;3;1969;1;67,6992;55,04;320GB 7200RPM 8MB SATA, 2.5INCH, SAMSUNG;HN-M320MBB;;320GB 7200RPM 8MB SATA, 2.5INCH, SAMSUNG;320GB 7200RPM 8MB SATA, 2.5INCH, SAMSUNG;320GB 7200RPM 8MB SATA, 2.5INCH, SAMSUNG;320GB 7200RPM 8MB SATA, 2.5INCH, SAMSUNG;;;;85;;;;;
1;3;1969;1;97,1577;78,99;500GB 5400RPM SATA;HN-M500MBB;;500GB 5400RPM SATA;500GB 5400RPM SATA;500GB 5400RPM SATA;500GB 5400RPM SATA;;;;85;;;;;
1;3;1969;1;114,39;93;750GB 5400RPM MOBILE;HN-M750MBB;;750GB 5400RPM MOBILE;750GB 5400RPM MOBILE;750GB 5400RPM MOBILE;750GB 5400RPM MOBILE;;;;85;;;;;
1;3;1969;1;133,1598;108,26;1TB 7200RPM 64MB CACHE SATA/600;ST1000DM003;;1TB 7200RPM 64MB CACHE SATA/600;1TB 7200RPM 64MB CACHE SATA/600;1TB 7200RPM 64MB CACHE SATA/600;1TB 7200RPM 64MB CACHE SATA/600;;;;85;;;;;
1;3;1969;1;189,7398;154,26;1TB 7200RPM 64MB CACHE SAS/6GB/S;ST1000NM0001;;1TB 7200RPM 64MB CACHE SAS/6GB/S;1TB 7200RPM 64MB CACHE SAS/6GB/S;1TB 7200RPM 64MB CACHE SAS/6GB/S;1TB 7200RPM 64MB CACHE SAS/6GB/S;;;;85;;;;;
1;3;1969;1;159,3711;129,57;1TB 7200RPM 64MB CACHE SATA/6GB/S;ST1000NM0011;;1TB 7200RPM 64MB CACHE SATA/6GB/S;1TB 7200RPM 64MB CACHE SATA/6GB/S;1TB 7200RPM 64MB CACHE SATA/6GB/S;1TB 7200RPM 64MB CACHE SATA/6GB/S;;;;85;;;;;
1;3;1969;1;204,9057;166,59;1TB 7200RPM 64MB BUFFER, 6GB/S SAS, 3.5I;ST1000NM0021;;1TB 7200RPM 64MB BUFFER, 6GB/S SAS, 3.5I;1TB 7200RPM 64MB BUFFER, 6GB/S SAS, 3.5I;1TB 7200RPM 64MB BUFFER, 6GB/S SAS, 3.5I;1TB 7200RPM 64MB BUFFER, 6GB/S SAS, 3.5I;;;;85;;;;;
1;3;1969;1;199,9242;162,54;1TB 7200RPM 64MB BUFFER, 6GB/S SATA, 3.5;ST1000NM0031;;1TB 7200RPM 64MB BUFFER, 6GB/S SATA, 3.5;1TB 7200RPM 64MB BUFFER, 6GB/S SATA, 3.5;1TB 7200RPM 64MB BUFFER, 6GB/S SATA, 3.5;1TB 7200RPM 64MB BUFFER, 6GB/S SATA, 3.5;;;;85;;;;;
1;3;1969;1;323,0595;262,65;1TB 7200RPM 64MB BUFFER, 6GB/S SAS, 3.5INCH, SEAGATE CONSTELLATION ES / FDE TECHNOLOGY W/ FIPS;ST1000NM0041;;1TB 7200RPM 64MB BUFFER, 6GB/S SAS, 3.5INCH, SEAGATE CONSTELLATION ES / FDE TECHNOLOGY W/ FIPS;1TB 7200RPM 64MB BUFFER, 6GB/S SAS, 3.5INCH, SEAGATE CONSTELLATION ES / FDE TECHNOLOGY W/ FIPS;1TB 7200RPM 64MB BUFFER, 6GB/S SAS, 3.5INCH, SEAGATE CONSTELLATION ES / FDE TECHNOLOGY W/ FIPS;1TB 7200RPM 64MB BUFFER, 6GB/S SAS, 3.5INCH, SEAGATE CONSTELLATION ES / FDE TECHNOLOGY W/ FIPS;;;;85;;;;;
1;3;1969;1;144,0822;117,14;1TB 5900RPM 64MB CACHE SATA 3.5 IN PIPELINE HD;ST1000VM002;;1TB 5900RPM 64MB CACHE SATA 3.5 IN PIPELINE HD;1TB 5900RPM 64MB CACHE SATA 3.5 IN PIPELINE HD;1TB 5900RPM 64MB CACHE SATA 3.5 IN PIPELINE HD;1TB 5900RPM 64MB CACHE SATA 3.5 IN PIPELINE HD;;;;85;;;;;
1;3;1969;1;145,4967;118,29;1TB 7200RPM 64MB CACHE SATA 3.5 IN SURVEILLANCE DRIVE / SV35 SERIES;ST1000VX000;;1TB 7200RPM 64MB CACHE SATA 3.5 IN SURVEILLANCE DRIVE / SV35 SERIES;1TB 7200RPM 64MB CACHE SATA 3.5 IN SURVEILLANCE DRIVE / SV35 SERIES;1TB 7200RPM 64MB CACHE SATA 3.5 IN SURVEILLANCE DRIVE / SV35 SERIES;1TB 7200RPM 64MB CACHE SATA 3.5 IN SURVEILLANCE DRIVE / SV35 SERIES;;;;85;;;;;
1;3;1969;1;916,227;744,9;100GB MLC NAND FLASH 6GB/S SAS, 2.5 INCH;ST100FM0002;;100GB MLC NAND FLASH 6GB/S SAS, 2.5 INCH;100GB MLC NAND FLASH 6GB/S SAS, 2.5 INCH;100GB MLC NAND FLASH 6GB/S SAS, 2.5 INCH;100GB MLC NAND FLASH 6GB/S SAS, 2.5 INCH;;;;85;;;;;
1;3;1969;1;916,227;744,9;100GB MLC NAND FLASH 6GB/S SATA, 2.5INCH;ST100FM0012;;100GB MLC NAND FLASH 6GB/S SATA, 2.5INCH;100GB MLC NAND FLASH 6GB/S SATA, 2.5INCH;100GB MLC NAND FLASH 6GB/S SATA, 2.5INCH;100GB MLC NAND FLASH 6GB/S SATA, 2.5INCH;;;;85;;;;;
1;3;1969;1;1932,2931;1570,97;100GB SLC NAND FLASH 6GB/S SAS, 2.5INCH;ST100FX0002;;100GB SLC NAND FLASH 6GB/S SAS, 2.5INCH;100GB SLC NAND FLASH 6GB/S SAS, 2.5INCH;100GB SLC NAND FLASH 6GB/S SAS, 2.5INCH;100GB SLC NAND FLASH 6GB/S SAS, 2.5INCH;;;;85;;;;;
1;3;1969;1;109,8144;89,28;1.5TB BARRACUDA GREEN SATA 5900 RPM 64MB 3.5IN;ST1500DL003;;1.5TB BARRACUDA GREEN SATA 5900 RPM 64MB 3.5IN;1.5TB BARRACUDA GREEN SATA 5900 RPM 64MB 3.5IN;1.5TB BARRACUDA GREEN SATA 5900 RPM 64MB 3.5IN;1.5TB BARRACUDA GREEN SATA 5900 RPM 64MB 3.5IN;;;;85;;;;;
1;3;1969;1;149,5557;121,59;1.5TB 7200RPM 64MB CACHE SATA/600;ST1500DM003;;1.5TB 7200RPM 64MB CACHE SATA/600;1.5TB 7200RPM 64MB CACHE SATA/600;1.5TB 7200RPM 64MB CACHE SATA/600;1.5TB 7200RPM 64MB CACHE SATA/600;;;;85;;;;;
1;3;1969;1;162,606;132,2;PIPELINE HD SATA 1.5TB 3.5 64MB 5900RPM;ST1500VM002;;PIPELINE HD SATA 1.5TB 3.5 64MB 5900RPM;PIPELINE HD SATA 1.5TB 3.5 64MB 5900RPM;PIPELINE HD SATA 1.5TB 3.5 64MB 5900RPM;PIPELINE HD SATA 1.5TB 3.5 64MB 5900RPM;;;;85;;;;;
1;3;1969;1;87,5514;71,18;160GB 7200RPM 16MB CACHE SATA;ST160LT007;;160GB 7200RPM 16MB CACHE SATA;160GB 7200RPM 16MB CACHE SATA;160GB 7200RPM 16MB CACHE SATA;160GB 7200RPM 16MB CACHE SATA;;;;85;;;;;
1;3;1969;1;80,6142;65,54;160GB 5400RPM 8MB CACHE SATA 2.5 IN;ST160LT015;;160GB 5400RPM 8MB CACHE SATA 2.5 IN;160GB 5400RPM 8MB CACHE SATA 2.5 IN;160GB 5400RPM 8MB CACHE SATA 2.5 IN;160GB 5400RPM 8MB CACHE SATA 2.5 IN;;;;85;;;;;
1;3;1969;1;88,6461;72,07;160GB 7200RPM 16MB CACHE SATA 2.5 IN;ST160LT016;;160GB 7200RPM 16MB CACHE SATA 2.5 IN;160GB 7200RPM 16MB CACHE SATA 2.5 IN;160GB 7200RPM 16MB CACHE SATA 2.5 IN;160GB 7200RPM 16MB CACHE SATA 2.5 IN;;;;85;;;;;
1;3;1969;1;123,5289;100,43;2TB 5900RPM 64MB CACHE SATA 6GB/S BARRACUDA GREEN;ST2000DL003;;2TB 5900RPM 64MB CACHE SATA 6GB/S BARRACUDA GREEN;2TB 5900RPM 64MB CACHE SATA 6GB/S BARRACUDA GREEN;2TB 5900RPM 64MB CACHE SATA 6GB/S BARRACUDA GREEN;2TB 5900RPM 64MB CACHE SATA 6GB/S BARRACUDA GREEN;;;;85;;;;;
1;3;1969;1;171,5604;139,48;2TB 7200RPM 64MB CACHE SATA/600;ST2000DM001;;2TB 7200RPM 64MB CACHE SATA/600;2TB 7200RPM 64MB CACHE SATA/600;2TB 7200RPM 64MB CACHE SATA/600;2TB 7200RPM 64MB CACHE SATA/600;;;;85;;;;;
1;3;1969;1;318,7422;259,14;2TB 7200RPM 64MB CACHE SAS/6GB/S;ST2000NM0001;;2TB 7200RPM 64MB CACHE SAS/6GB/S;2TB 7200RPM 64MB CACHE SAS/6GB/S;2TB 7200RPM 64MB CACHE SAS/6GB/S;2TB 7200RPM 64MB CACHE SAS/6GB/S;;;;85;;;;;
1;3;1969;1;288,3858;234,46;2TB 7200RPM 64MB CACHE SATA/6GB/S;ST2000NM0011;;2TB 7200RPM 64MB CACHE SATA/6GB/S;2TB 7200RPM 64MB CACHE SATA/6GB/S;2TB 7200RPM 64MB CACHE SATA/6GB/S;2TB 7200RPM 64MB CACHE SATA/6GB/S;;;;85;;;;;
1;3;1969;1;333,9327;271,49;2TB 7200RPM 64MB BUFFER, 6GB/S SAS, 3.5I;ST2000NM0021;;2TB 7200RPM 64MB BUFFER, 6GB/S SAS, 3.5I;2TB 7200RPM 64MB BUFFER, 6GB/S SAS, 3.5I;2TB 7200RPM 64MB BUFFER, 6GB/S SAS, 3.5I;2TB 7200RPM 64MB BUFFER, 6GB/S SAS, 3.5I;;;;85;;;;;
1;3;1969;1;350,4516;284,92;2TB 7200RPM 64MB BUFFER, 6GB/S SATA, 3.5;ST2000NM0031;;2TB 7200RPM 64MB BUFFER, 6GB/S SATA, 3.5;2TB 7200RPM 64MB BUFFER, 6GB/S SATA, 3.5;2TB 7200RPM 64MB BUFFER, 6GB/S SATA, 3.5;2TB 7200RPM 64MB BUFFER, 6GB/S SATA, 3.5;;;;85;;;;;
1;3;1969;1;529,2444;430,28;2TB 7200RPM 64MB BUFFER, 6GB/S SAS, 3.5;ST2000NM0041;;2TB 7200RPM 64MB BUFFER, 6GB/S SAS, 3.5;2TB 7200RPM 64MB BUFFER, 6GB/S SAS, 3.5;2TB 7200RPM 64MB BUFFER, 6GB/S SAS, 3.5;2TB 7200RPM 64MB BUFFER, 6GB/S SAS, 3.5;;;;85;;;;;
1;3;1969;1;358,8033;291,71;2TB 7200RPM 64MB BUFFER, 6GB/S SATA, 3.5 / FIPS-SED;ST2000NM0051;;2TB 7200RPM 64MB BUFFER, 6GB/S SATA, 3.5 / FIPS-SED;2TB 7200RPM 64MB BUFFER, 6GB/S SATA, 3.5 / FIPS-SED;2TB 7200RPM 64MB BUFFER, 6GB/S SATA, 3.5 / FIPS-SED;2TB 7200RPM 64MB BUFFER, 6GB/S SATA, 3.5 / FIPS-SED;;;;85;;;;;
1;3;1969;1;182,2368;148,16;2000GB 5900RPM 64MB CACHE SATA 3.5IN;ST2000VM002;;2000GB 5900RPM 64MB CACHE SATA 3.5IN;2000GB 5900RPM 64MB CACHE SATA 3.5IN;2000GB 5900RPM 64MB CACHE SATA 3.5IN;2000GB 5900RPM 64MB CACHE SATA 3.5IN;;;;85;;;;;
1;3;1969;1;189,6906;154,22;2TB 7200RPM 64MB CACHE SATA 3.5 IN SURVEILLANCE DRIVE / SV35 SERIES;ST2000VX000;;2TB 7200RPM 64MB CACHE SATA 3.5 IN SURVEILLANCE DRIVE / SV35 SERIES;2TB 7200RPM 64MB CACHE SATA 3.5 IN SURVEILLANCE DRIVE / SV35 SERIES;2TB 7200RPM 64MB CACHE SATA 3.5 IN SURVEILLANCE DRIVE / SV35 SERIES;2TB 7200RPM 64MB CACHE SATA 3.5 IN SURVEILLANCE DRIVE / SV35 SERIES;;;;85;;;;;
1;3;1969;1;135,7305;110,35;2TB 7200RPM SATA Surveillance;ST2000VX002;;2TB 7200RPM SATA Surveillance;2TB 7200RPM SATA Surveillance;2TB 7200RPM SATA Surveillance;2TB 7200RPM SATA Surveillance;;;;85;;;;;
1;3;1969;1;1832,3679;1489,73;200GB MLC NAND FLASH 6GB/S SAS, 2.5 INCH;ST200FM0002;;200GB MLC NAND FLASH 6GB/S SAS, 2.5 INCH;200GB MLC NAND FLASH 6GB/S SAS, 2.5 INCH;200GB MLC NAND FLASH 6GB/S SAS, 2.5 INCH;200GB MLC NAND FLASH 6GB/S SAS, 2.5 INCH;;;;85;;;;;
1;3;1969;1;1832,3679;1489,73;200GB MLC NAND FLASH 6GB/S SATA,2.5 INCH;ST200FM0012;;200GB MLC NAND FLASH 6GB/S SATA,2.5 INCH;200GB MLC NAND FLASH 6GB/S SATA,2.5 INCH;200GB MLC NAND FLASH 6GB/S SATA,2.5 INCH;200GB MLC NAND FLASH 6GB/S SATA,2.5 INCH;;;;85;;;;;
1;3;1969;1;3864,5124;3141,88;200GB SLC NAND FLASH 6GB/S SAS, 2.5INCH;ST200FX0002;;200GB SLC NAND FLASH 6GB/S SAS, 2.5INCH;200GB SLC NAND FLASH 6GB/S SAS, 2.5INCH;200GB SLC NAND FLASH 6GB/S SAS, 2.5INCH;200GB SLC NAND FLASH 6GB/S SAS, 2.5INCH;;;;85;;;;;
1;3;1969;1;51,9921;42,27;250GB 7200RPM 16MB CACHE SATA 3.5 IN;ST250DM000;;250GB 7200RPM 16MB CACHE SATA 3.5 IN;250GB 7200RPM 16MB CACHE SATA 3.5 IN;250GB 7200RPM 16MB CACHE SATA 3.5 IN;250GB 7200RPM 16MB CACHE SATA 3.5 IN;;;;85;;;;;
1;3;1969;1;80,073;65,1;250GB 5400RPM 16MB CACHE SATA 2.5INCHES MOMENTUS THIN 5400.2;ST250LT003;;250GB 5400RPM 16MB CACHE SATA 2.5INCHES MOMENTUS THIN 5400.2;250GB 5400RPM 16MB CACHE SATA 2.5INCHES MOMENTUS THIN 5400.2;250GB 5400RPM 16MB CACHE SATA 2.5INCHES MOMENTUS THIN 5400.2;250GB 5400RPM 16MB CACHE SATA 2.5INCHES MOMENTUS THIN 5400.2;;;;85;;;;;
1;3;1969;1;88,4739;71,93;250GB 7200RPM 16MB CACHE SATA/ 7MM MOMENTUS THIN / FOR SLIM LAPTOP DESIGNS;ST250LT007;;250GB 7200RPM 16MB CACHE SATA/ 7MM MOMENTUS THIN / FOR SLIM LAPTOP DESIGNS;250GB 7200RPM 16MB CACHE SATA/ 7MM MOMENTUS THIN / FOR SLIM LAPTOP DESIGNS;250GB 7200RPM 16MB CACHE SATA/ 7MM MOMENTUS THIN / FOR SLIM LAPTOP DESIGNS;250GB 7200RPM 16MB CACHE SATA/ 7MM MOMENTUS THIN / FOR SLIM LAPTOP DESIGNS;;;;85;;;;;
1;3;1969;1;111,3888;90,56;250GB 7200RPM 16MB CACHE SATA;ST250LT009;;250GB 7200RPM 16MB CACHE SATA;250GB 7200RPM 16MB CACHE SATA;250GB 7200RPM 16MB CACHE SATA;250GB 7200RPM 16MB CACHE SATA;;;;85;;;;;
1;3;1969;1;81,5367;66,29;250GB 5400RPM 16MB CACHE SATA /7MM THIN;ST250LT012;;250GB 5400RPM 16MB CACHE SATA /7MM THIN;250GB 5400RPM 16MB CACHE SATA /7MM THIN;250GB 5400RPM 16MB CACHE SATA /7MM THIN;250GB 5400RPM 16MB CACHE SATA /7MM THIN;;;;85;;;;;
1;3;1969;1;103,7505;84,35;250GB 7200RPM 16MB CACHE SATA;ST250LT014;;250GB 7200RPM 16MB CACHE SATA;250GB 7200RPM 16MB CACHE SATA;250GB 7200RPM 16MB CACHE SATA;250GB 7200RPM 16MB CACHE SATA;;;;85;;;;;
1;3;1969;1;80,8479;65,73;250GB 5400RPM 8MB CACHE SATA 2.5 IN;ST250LT020;;250GB 5400RPM 8MB CACHE SATA 2.5 IN;250GB 5400RPM 8MB CACHE SATA 2.5 IN;250GB 5400RPM 8MB CACHE SATA 2.5 IN;250GB 5400RPM 8MB CACHE SATA 2.5 IN;;;;85;;;;;
1;3;1969;1;88,6461;72,07;250GB 7200RPM 16MB CACHE SATA 2.5 IN;ST250LT021;;250GB 7200RPM 16MB CACHE SATA 2.5 IN;250GB 7200RPM 16MB CACHE SATA 2.5 IN;250GB 7200RPM 16MB CACHE SATA 2.5 IN;250GB 7200RPM 16MB CACHE SATA 2.5 IN;;;;85;;;;;
1;3;1969;1;238,4355;193,85;3TB 7200RPM 64MB CACHE SATA/600;ST3000DM001;;3TB 7200RPM 64MB CACHE SATA/600;3TB 7200RPM 64MB CACHE SATA/600;3TB 7200RPM 64MB CACHE SATA/600;3TB 7200RPM 64MB CACHE SATA/600;;;;85;;;;;
1;3;1969;1;264,1056;214,72;3TB 7200RPM 64MB CACHE SATA 3.5 IN SURVEILLANCE DRIVE / SV35 SERIES;ST3000VX000;;3TB 7200RPM 64MB CACHE SATA 3.5 IN SURVEILLANCE DRIVE / SV35 SERIES;3TB 7200RPM 64MB CACHE SATA 3.5 IN SURVEILLANCE DRIVE / SV35 SERIES;3TB 7200RPM 64MB CACHE SATA 3.5 IN SURVEILLANCE DRIVE / SV35 SERIES;3TB 7200RPM 64MB CACHE SATA 3.5 IN SURVEILLANCE DRIVE / SV35 SERIES;;;;85;;;;;
1;3;1969;1;96,0753;78,11;500GB 3.5" USB2;ST305004EXA101-RK;;500GB 3.5" USB2;500GB 3.5" USB2;500GB 3.5" USB2;500GB 3.5" USB2;;;;85;;;;;
1;3;1969;1;122,016;99,2;500GB USB External Hard Drive;ST305004FDB2E1-RK;;500GB USB External Hard Drive;500GB USB External Hard Drive;500GB USB External Hard Drive;500GB USB External Hard Drive;;;;85;;;;;
1;3;1969;1;90,7494;73,78;1TB Pipeline HD 8MB;ST31000322CS;;1TB Pipeline HD 8MB;1TB Pipeline HD 8MB;1TB Pipeline HD 8MB;1TB Pipeline HD 8MB;;;;85;;;;;
1;3;1969;1;182,1384;148,08;Constellation 1.0TB SAS 3Gb/s;ST31000424SS;;Constellation 1.0TB SAS 3Gb/s;Constellation 1.0TB SAS 3Gb/s;Constellation 1.0TB SAS 3Gb/s;Constellation 1.0TB SAS 3Gb/s;;;;85;;;;;
1;3;1969;1;86,1738;70,06;1TB 7200RPM 32MB BUFFER, SERIAL ATA/600, 3.5INCH, SEAGATE BARRACUDA;ST31000524AS;;1TB 7200RPM 32MB BUFFER, SERIAL ATA/600, 3.5INCH, SEAGATE BARRACUDA;1TB 7200RPM 32MB BUFFER, SERIAL ATA/600, 3.5INCH, SEAGATE BARRACUDA;1TB 7200RPM 32MB BUFFER, SERIAL ATA/600, 3.5INCH, SEAGATE BARRACUDA;1TB 7200RPM 32MB BUFFER, SERIAL ATA/600, 3.5INCH, SEAGATE BARRACUDA;;;;85;;;;;
1;3;1969;1;96,8502;78,74;1TB 7200RPM SATA Surveillanc;ST31000526SV;;1TB 7200RPM SATA Surveillanc;1TB 7200RPM SATA Surveillanc;1TB 7200RPM SATA Surveillanc;1TB 7200RPM SATA Surveillanc;;;;85;;;;;
1;3;1969;1;96,0753;78,11;1TB 3.5" USB2 Drive;ST310005EXA101-RK;;1TB 3.5" USB2 Drive;1TB 3.5" USB2 Drive;1TB 3.5" USB2 Drive;1TB 3.5" USB2 Drive;;;;85;;;;;
1;3;1969;1;220,0839;178,93;1.0TB Black Armor NAS 110;ST310005MNA10G-RK;;1.0TB Black Armor NAS 110;1.0TB Black Armor NAS 110;1.0TB Black Armor NAS 110;1.0TB Black Armor NAS 110;;;;85;;;;;
1;3;1969;1;97,6128;79,36;1TB 7200RPM 32MB BUFFER, SERIAL ATA II/300, 3.5INCH, SEAGATE BARRACUDA 7200.11 RETAIL HARD DRIVE KIT - CASE PACK QTY 40;ST310005N1A1AS-RK;;1TB 7200RPM 32MB BUFFER, SERIAL ATA II/300, 3.5INCH, SEAGATE BARRACUDA 7200.11 RETAIL HARD DRIVE KIT - CASE PACK QTY 40;1TB 7200RPM 32MB BUFFER, SERIAL ATA II/300, 3.5INCH, SEAGATE BARRACUDA 7200.11 RETAIL HARD DRIVE KIT - CASE PACK QTY 40;1TB 7200RPM 32MB BUFFER, SERIAL ATA II/300, 3.5INCH, SEAGATE BARRACUDA 7200.11 RETAIL HARD DRIVE KIT - CASE PACK QTY 40;1TB 7200RPM 32MB BUFFER, SERIAL ATA II/300, 3.5INCH, SEAGATE BARRACUDA 7200.11 RETAIL HARD DRIVE KIT - CASE PACK QTY 40;;;;85;;;;;
1;3;1969;1;50,307;40,9;Hard Seagate Cheetah - Hard drive - 146.8 GB - internal - 3.5" - 40 pin Centronics (SCA-2) - 15000 rpm;ST3146854FC;;Hard Seagate Cheetah - Hard drive - 146.8 GB - internal - 3.5" - 40 pin Centronics (SCA-2) - 15000 rpm;Hard Seagate Cheetah - Hard drive - 146.8 GB - internal - 3.5" - 40 pin Centronics (SCA-2) - 15000 rpm;Hard Seagate Cheetah - Hard drive - 146.8 GB - internal - 3.5" - 40 pin Centronics (SCA-2) - 15000 rpm;Hard Seagate Cheetah - Hard drive - 146.8 GB - internal - 3.5" - 40 pin Centronics (SCA-2) - 15000 rpm;;;;85;;;;;
1;3;1969;1;109,8144;89,28;1.5TB 7200RPM 32MB CACHE;ST31500341AS;;1.5TB 7200RPM 32MB CACHE;1.5TB 7200RPM 32MB CACHE;1.5TB 7200RPM 32MB CACHE;1.5TB 7200RPM 32MB CACHE;;;;85;;;;;
1;3;1969;1;53,0991;43,17;Hard Seagate.Hard Drive 160 GB Serial ATA-300 (3 Gbit/s) 3.5" One-Third Height 7200 rpm Internal;ST3160212SCE;;Hard Seagate.Hard Drive 160 GB Serial ATA-300 (3 Gbit/s) 3.5" One-Third Height 7200 rpm Internal;Hard Seagate.Hard Drive 160 GB Serial ATA-300 (3 Gbit/s) 3.5" One-Third Height 7200 rpm Internal;Hard Seagate.Hard Drive 160 GB Serial ATA-300 (3 Gbit/s) 3.5" One-Third Height 7200 rpm Internal;Hard Seagate.Hard Drive 160 GB Serial ATA-300 (3 Gbit/s) 3.5" One-Third Height 7200 rpm Internal;;;;85;;;;;
1;3;1969;1;50,4669;41,03;160GB 7200RPM 8MB CACHE;ST3160316AS;;160GB 7200RPM 8MB CACHE;160GB 7200RPM 8MB CACHE;160GB 7200RPM 8MB CACHE;160GB 7200RPM 8MB CACHE;;;;85;;;;;
1;3;1969;1;54,489;44,3;Hard Seagate Pipeline HD ST3160316CS - Hard drive - 160 GB - internal - 3.5" - SATA-300 - buffer: 8 MB;ST3160316CS;;Hard Seagate Pipeline HD ST3160316CS - Hard drive - 160 GB - internal - 3.5" - SATA-300 - buffer: 8 MB;Hard Seagate Pipeline HD ST3160316CS - Hard drive - 160 GB - internal - 3.5" - SATA-300 - buffer: 8 MB;Hard Seagate Pipeline HD ST3160316CS - Hard drive - 160 GB - internal - 3.5" - SATA-300 - buffer: 8 MB;Hard Seagate Pipeline HD ST3160316CS - Hard drive - 160 GB - internal - 3.5" - SATA-300 - buffer: 8 MB;;;;85;;;;;
1;3;1969;1;43,3206;35,22;Hard Seagate.Hard Drive Barracuda 160 GB Serial ATA-300 (3 Gbit/s) 3.5" 7200 rpm Internal;ST3160812AS;;Hard Seagate.Hard Drive Barracuda 160 GB Serial ATA-300 (3 Gbit/s) 3.5" 7200 rpm Internal;Hard Seagate.Hard Drive Barracuda 160 GB Serial ATA-300 (3 Gbit/s) 3.5" 7200 rpm Internal;Hard Seagate.Hard Drive Barracuda 160 GB Serial ATA-300 (3 Gbit/s) 3.5" 7200 rpm Internal;Hard Seagate.Hard Drive Barracuda 160 GB Serial ATA-300 (3 Gbit/s) 3.5" 7200 rpm Internal;;;;85;;;;;
1;3;1969;1;311,1654;252,98;Constellation 2.0TB SAS 6Gb/s;ST32000444SS;;Constellation 2.0TB SAS 6Gb/s;Constellation 2.0TB SAS 6Gb/s;Constellation 2.0TB SAS 6Gb/s;Constellation 2.0TB SAS 6Gb/s;;;;85;;;;;
1;3;1969;1;490,3149;398,63;2000GB 7200RPM 16MB CACHE SAS 3.5IN;ST32000446SS;;2000GB 7200RPM 16MB CACHE SAS 3.5IN;2000GB 7200RPM 16MB CACHE SAS 3.5IN;2000GB 7200RPM 16MB CACHE SAS 3.5IN;2000GB 7200RPM 16MB CACHE SAS 3.5IN;;;;85;;;;;
1;3;1969;1;123,5289;100,43;2TB 3.5" USB2 Drive;ST320005EXA101-RK;;2TB 3.5" USB2 Drive;2TB 3.5" USB2 Drive;2TB 3.5" USB2 Drive;2TB 3.5" USB2 Drive;;;;85;;;;;
1;3;1969;1;361,374;293,8;BLACKARMOR NAS 220 2TB SATA ETHERNET RAID 0/1;ST320005LSA10G-RK;;BLACKARMOR NAS 220 2TB SATA ETHERNET RAID 0/1;BLACKARMOR NAS 220 2TB SATA ETHERNET RAID 0/1;BLACKARMOR NAS 220 2TB SATA ETHERNET RAID 0/1;BLACKARMOR NAS 220 2TB SATA ETHERNET RAID 0/1;;;;85;;;;;
1;3;1969;1;252,519;205,3;BLACKARMOR NAS 110 2TB GBE ;ST320005MNA10G-RK;;BLACKARMOR NAS 110 2TB GBE ;BLACKARMOR NAS 110 2TB GBE ;BLACKARMOR NAS 110 2TB GBE ;BLACKARMOR NAS 110 2TB GBE ;;;;85;;;;;
1;3;1969;1;206,4186;167,82;2TB 3.5" SATA 64MB;ST320005N1A1AS-RK;;2TB 3.5" SATA 64MB;2TB 3.5" SATA 64MB;2TB 3.5" SATA 64MB;2TB 3.5" SATA 64MB;;;;85;;;;;
1;3;1969;1;122,016;99,2;2TB 3.5" SATA II 32MB;ST320005N4A1AS-RK;;2TB 3.5" SATA II 32MB;2TB 3.5" SATA II 32MB;2TB 3.5" SATA II 32MB;2TB 3.5" SATA II 32MB;;;;85;;;;;
1;3;1969;1;214,02;174;2TB 7200RPM 64MB CACHE;ST32000641AS;;2TB 7200RPM 64MB CACHE;2TB 7200RPM 64MB CACHE;2TB 7200RPM 64MB CACHE;2TB 7200RPM 64MB CACHE;;;;85;;;;;
1;3;1969;1;280,7967;228,29;Constellation 2.0TB SATA 3Gb/s;ST32000644NS;;Constellation 2.0TB SATA 3Gb/s;Constellation 2.0TB SATA 3Gb/s;Constellation 2.0TB SATA 3Gb/s;Constellation 2.0TB SATA 3Gb/s;;;;85;;;;;
1;3;1969;1;333,7974;271,38;2TB 7200RPM 64MB CACHE SATA 6.0GB/S / CONSTELLATION ES.2;ST32000645NS;;2TB 7200RPM 64MB CACHE SATA 6.0GB/S / CONSTELLATION ES.2;2TB 7200RPM 64MB CACHE SATA 6.0GB/S / CONSTELLATION ES.2;2TB 7200RPM 64MB CACHE SATA 6.0GB/S / CONSTELLATION ES.2;2TB 7200RPM 64MB CACHE SATA 6.0GB/S / CONSTELLATION ES.2;;;;85;;;;;
1;3;1969;1;489,8598;398,26;2TB 7200RPM 64MB CACHE SAS 6.0GB/S / CONSTELLATION ES.2;ST32000645SS;;2TB 7200RPM 64MB CACHE SAS 6.0GB/S / CONSTELLATION ES.2;2TB 7200RPM 64MB CACHE SAS 6.0GB/S / CONSTELLATION ES.2;2TB 7200RPM 64MB CACHE SAS 6.0GB/S / CONSTELLATION ES.2;2TB 7200RPM 64MB CACHE SAS 6.0GB/S / CONSTELLATION ES.2;;;;85;;;;;
1;3;1969;1;350,4516;284,92;2TB 7200RPM 64MB CACHE SATA 6.0GB/S / CONSTELLATION ES.2 / SED (ENCRYPTION);ST32000646NS;;2TB 7200RPM 64MB CACHE SATA 6.0GB/S / CONSTELLATION ES.2 / SED (ENCRYPTION);2TB 7200RPM 64MB CACHE SATA 6.0GB/S / CONSTELLATION ES.2 / SED (ENCRYPTION);2TB 7200RPM 64MB CACHE SATA 6.0GB/S / CONSTELLATION ES.2 / SED (ENCRYPTION);2TB 7200RPM 64MB CACHE SATA 6.0GB/S / CONSTELLATION ES.2 / SED (ENCRYPTION);;;;85;;;;;
1;3;1969;1;512,0736;416,32;2TB 7200RPM 64MB CACHE SAS 6.0GB/S / CONSTELLATION ES.2 / SED (ENCRYPTION);ST32000646SS;;2TB 7200RPM 64MB CACHE SAS 6.0GB/S / CONSTELLATION ES.2 / SED (ENCRYPTION);2TB 7200RPM 64MB CACHE SAS 6.0GB/S / CONSTELLATION ES.2 / SED (ENCRYPTION);2TB 7200RPM 64MB CACHE SAS 6.0GB/S / CONSTELLATION ES.2 / SED (ENCRYPTION);2TB 7200RPM 64MB CACHE SAS 6.0GB/S / CONSTELLATION ES.2 / SED (ENCRYPTION);;;;85;;;;;
1;3;1969;1;523,365;425,5;2TB 7200RPM 64MB CACHE SAS 6.0GB/S / CONSTELLATION ES.2 / SED (ENCRYPTION) W/ FIPS TECHNOLOGY;ST32000647SS;;2TB 7200RPM 64MB CACHE SAS 6.0GB/S / CONSTELLATION ES.2 / SED (ENCRYPTION) W/ FIPS TECHNOLOGY;2TB 7200RPM 64MB CACHE SAS 6.0GB/S / CONSTELLATION ES.2 / SED (ENCRYPTION) W/ FIPS TECHNOLOGY;2TB 7200RPM 64MB CACHE SAS 6.0GB/S / CONSTELLATION ES.2 / SED (ENCRYPTION) W/ FIPS TECHNOLOGY;2TB 7200RPM 64MB CACHE SAS 6.0GB/S / CONSTELLATION ES.2 / SED (ENCRYPTION) W/ FIPS TECHNOLOGY;;;;85;;;;;
1;3;1969;1;55,0548;44,76;320GB 7200RPM 16MB CACHE SATA 3.5 IN;ST320DM000;;320GB 7200RPM 16MB CACHE SATA 3.5 IN;320GB 7200RPM 16MB CACHE SATA 3.5 IN;320GB 7200RPM 16MB CACHE SATA 3.5 IN;320GB 7200RPM 16MB CACHE SATA 3.5 IN;;;;85;;;;;
1;3;1969;1;92,0286;74,82;320GB 7200RPM 16MB CACHE SATA;ST320LT007;;320GB 7200RPM 16MB CACHE SATA;320GB 7200RPM 16MB CACHE SATA;320GB 7200RPM 16MB CACHE SATA;320GB 7200RPM 16MB CACHE SATA;;;;85;;;;;
1;3;1969;1;115,0542;93,54;320GB 7200RPM 16MB CACHE SATA;ST320LT009;;320GB 7200RPM 16MB CACHE SATA;320GB 7200RPM 16MB CACHE SATA;320GB 7200RPM 16MB CACHE SATA;320GB 7200RPM 16MB CACHE SATA;;;;85;;;;;
1;3;1969;1;85,5096;69,52;320GB 5400RPM 16MB CACHE SATA/7MM THIN;ST320LT012;;320GB 5400RPM 16MB CACHE SATA/7MM THIN;320GB 5400RPM 16MB CACHE SATA/7MM THIN;320GB 5400RPM 16MB CACHE SATA/7MM THIN;320GB 5400RPM 16MB CACHE SATA/7MM THIN;;;;85;;;;;
1;3;1969;1;107,5758;87,46;320GB 7200RPM 16MB CACHE SATA;ST320LT014;;320GB 7200RPM 16MB CACHE SATA;320GB 7200RPM 16MB CACHE SATA;320GB 7200RPM 16MB CACHE SATA;320GB 7200RPM 16MB CACHE SATA;;;;85;;;;;
1;3;1969;1;84,0582;68,34;320GB 5400RPM 16MB CACHE SATA 2.5INCHES MOMENTUS THIN 5400.2;ST320LT020;;320GB 5400RPM 16MB CACHE SATA 2.5INCHES MOMENTUS THIN 5400.2;320GB 5400RPM 16MB CACHE SATA 2.5INCHES MOMENTUS THIN 5400.2;320GB 5400RPM 16MB CACHE SATA 2.5INCHES MOMENTUS THIN 5400.2;320GB 5400RPM 16MB CACHE SATA 2.5INCHES MOMENTUS THIN 5400.2;;;;85;;;;;
1;3;1969;1;84,8331;68,97;320GB 5400RPM 8MB CACHE SATA 2.5 IN;ST320LT022;;320GB 5400RPM 8MB CACHE SATA 2.5 IN;320GB 5400RPM 8MB CACHE SATA 2.5 IN;320GB 5400RPM 8MB CACHE SATA 2.5 IN;320GB 5400RPM 8MB CACHE SATA 2.5 IN;;;;85;;;;;
1;3;1969;1;92,4591;75,17;320GB 7200RPM 16MB CACHE SATA 2.5 IN;ST320LT023;;320GB 7200RPM 16MB CACHE SATA 2.5 IN;320GB 7200RPM 16MB CACHE SATA 2.5 IN;320GB 7200RPM 16MB CACHE SATA 2.5 IN;320GB 7200RPM 16MB CACHE SATA 2.5 IN;;;;85;;;;;
1;3;1969;1;99,0765;80,55;250GB 5900RPM 8MB SATA II/300 PIPELINEHD;ST3250312CS;;250GB 5900RPM 8MB SATA II/300 PIPELINEHD;250GB 5900RPM 8MB SATA II/300 PIPELINEHD;250GB 5900RPM 8MB SATA II/300 PIPELINEHD;250GB 5900RPM 8MB SATA II/300 PIPELINEHD;;;;85;;;;;
1;3;1969;1;163,4793;132,91;Undetermined Seagate Barracuda - Hard drive - 250 GB - internal - 3.5" - SATA-150 - 7200 rpm;ST3250823AS;;Undetermined Seagate Barracuda - Hard drive - 250 GB - internal - 3.5" - SATA-150 - 7200 rpm;Undetermined Seagate Barracuda - Hard drive - 250 GB - internal - 3.5" - SATA-150 - 7200 rpm;Undetermined Seagate Barracuda - Hard drive - 250 GB - internal - 3.5" - SATA-150 - 7200 rpm;Undetermined Seagate Barracuda - Hard drive - 250 GB - internal - 3.5" - SATA-150 - 7200 rpm;;;;85;;;;;
1;3;1969;1;315,7164;256,68;3TB 3.5" SATA 64MB;ST330005N1A1AS-RK;;3TB 3.5" SATA 64MB;3TB 3.5" SATA 64MB;3TB 3.5" SATA 64MB;3TB 3.5" SATA 64MB;;;;85;;;;;
1;3;1969;1;432,6033;351,71;3TB 7200RPM 64MB CACHE SATA/6GB/S;ST33000650NS;;3TB 7200RPM 64MB CACHE SATA/6GB/S;3TB 7200RPM 64MB CACHE SATA/6GB/S;3TB 7200RPM 64MB CACHE SATA/6GB/S;3TB 7200RPM 64MB CACHE SATA/6GB/S;;;;85;;;;;
1;3;1969;1;460,758;374,6;3TB 7200RPM 64MB CACHE SAS/6GB/S;ST33000650SS;;3TB 7200RPM 64MB CACHE SAS/6GB/S;3TB 7200RPM 64MB CACHE SAS/6GB/S;3TB 7200RPM 64MB CACHE SAS/6GB/S;3TB 7200RPM 64MB CACHE SAS/6GB/S;;;;85;;;;;
1;3;1969;1;447,7569;364,03;3TB 7200RPM 64MB BUFFER, 6GB/S SATA, 3.5;ST33000651NS;;3TB 7200RPM 64MB BUFFER, 6GB/S SATA, 3.5;3TB 7200RPM 64MB BUFFER, 6GB/S SATA, 3.5;3TB 7200RPM 64MB BUFFER, 6GB/S SATA, 3.5;3TB 7200RPM 64MB BUFFER, 6GB/S SATA, 3.5;;;;85;;;;;
1;3;1969;1;475,8624;386,88;3TB 7200RPM 64MB BUFFER, 6GB/S SAS, 3.5;ST33000651SS;;3TB 7200RPM 64MB BUFFER, 6GB/S SAS, 3.5;3TB 7200RPM 64MB BUFFER, 6GB/S SAS, 3.5;3TB 7200RPM 64MB BUFFER, 6GB/S SAS, 3.5;3TB 7200RPM 64MB BUFFER, 6GB/S SAS, 3.5;;;;85;;;;;
1;3;1969;1;695,8602;565,74;3TB 7200RPM 64MB CACHE SATA/6GB/S SED W/ FIPS TECHNOLOGY;ST33000652NS;;3TB 7200RPM 64MB CACHE SATA/6GB/S SED W/ FIPS TECHNOLOGY;3TB 7200RPM 64MB CACHE SATA/6GB/S SED W/ FIPS TECHNOLOGY;3TB 7200RPM 64MB CACHE SATA/6GB/S SED W/ FIPS TECHNOLOGY;3TB 7200RPM 64MB CACHE SATA/6GB/S SED W/ FIPS TECHNOLOGY;;;;85;;;;;
1;3;1969;1;395,3097;321,39;300GB 15000RPM 16MB CACHE 3.5IN;ST3300457FC;;300GB 15000RPM 16MB CACHE 3.5IN;300GB 15000RPM 16MB CACHE 3.5IN;300GB 15000RPM 16MB CACHE 3.5IN;300GB 15000RPM 16MB CACHE 3.5IN;;;;85;;;;;
1;3;1969;1;499,0356;405,72;300GB 15000RPM 16MB CACHE SAS / WITH FDE;ST3300457SS;;300GB 15000RPM 16MB CACHE SAS / WITH FDE;300GB 15000RPM 16MB CACHE SAS / WITH FDE;300GB 15000RPM 16MB CACHE SAS / WITH FDE;300GB 15000RPM 16MB CACHE SAS / WITH FDE;;;;85;;;;;
1;3;1969;1;332,4075;270,25;300GB 15,000RPM 16MB BUFFER, SAS, 3.5INCH, SEAGATE CHEETAH 15.7;ST3300557SS;;300GB 15,000RPM 16MB BUFFER, SAS, 3.5INCH, SEAGATE CHEETAH 15.7;300GB 15,000RPM 16MB BUFFER, SAS, 3.5INCH, SEAGATE CHEETAH 15.7;300GB 15,000RPM 16MB BUFFER, SAS, 3.5INCH, SEAGATE CHEETAH 15.7;300GB 15,000RPM 16MB BUFFER, SAS, 3.5INCH, SEAGATE CHEETAH 15.7;;;;85;;;;;
1;3;1969;1;302,0511;245,57;300GB 15000RPM 16MB CACHE SAS;ST3300657SS;;300GB 15000RPM 16MB CACHE SAS;300GB 15000RPM 16MB CACHE SAS;300GB 15000RPM 16MB CACHE SAS;300GB 15000RPM 16MB CACHE SAS;;;;85;;;;;
1;3;1969;1;107,6865;87,55;320GB 5900RPM 8MB SATA II/300 PIPELINEHD;ST3320311CS;;320GB 5900RPM 8MB SATA II/300 PIPELINEHD;320GB 5900RPM 8MB SATA II/300 PIPELINEHD;320GB 5900RPM 8MB SATA II/300 PIPELINEHD;320GB 5900RPM 8MB SATA II/300 PIPELINEHD;;;;85;;;;;
1;3;1969;1;55,0548;44,76;320GB 7200 RPM SATA HD;ST3320413AS;;320GB 7200 RPM SATA HD;320GB 7200 RPM SATA HD;320GB 7200 RPM SATA HD;320GB 7200 RPM SATA HD;;;;85;;;;;
1;3;1969;1;40,5162;32,94;Hard Seagate.Hard Drive 36 GB Serial Attached SCSI 3.5" One-Third Height 15000 rpm Internal;ST336754SS;;Hard Seagate.Hard Drive 36 GB Serial Attached SCSI 3.5" One-Third Height 15000 rpm Internal;Hard Seagate.Hard Drive 36 GB Serial Attached SCSI 3.5" One-Third Height 15000 rpm Internal;Hard Seagate.Hard Drive 36 GB Serial Attached SCSI 3.5" One-Third Height 15000 rpm Internal;Hard Seagate.Hard Drive 36 GB Serial Attached SCSI 3.5" One-Third Height 15000 rpm Internal;;;;85;;;;;
1;3;1969;1;513,0945;417,15;BLACKARMOR NAS 220 4TB SATA ETHERNET RAID 0/1;ST340005LSA10G-RK;;BLACKARMOR NAS 220 4TB SATA ETHERNET RAID 0/1;BLACKARMOR NAS 220 4TB SATA ETHERNET RAID 0/1;BLACKARMOR NAS 220 4TB SATA ETHERNET RAID 0/1;BLACKARMOR NAS 220 4TB SATA ETHERNET RAID 0/1;;;;85;;;;;
1;3;1969;1;815,4408;662,96;4TB USB2.0/ETHERNET RJ45; BLACK ARMOR NAS STORAGE SERVER;ST340005SHA10G-RK;;4TB USB2.0/ETHERNET RJ45; BLACK ARMOR NAS STORAGE SERVER;4TB USB2.0/ETHERNET RJ45; BLACK ARMOR NAS STORAGE SERVER;4TB USB2.0/ETHERNET RJ45; BLACK ARMOR NAS STORAGE SERVER;4TB USB2.0/ETHERNET RJ45; BLACK ARMOR NAS STORAGE SERVER;;;;85
1;3;1969;1;18,1671;14,77;Undetermined HDD 40GB SATA 3.5" 7200RPM;ST340014AS;;Undetermined HDD 40GB SATA 3.5" 7200RPM;Undetermined HDD 40GB SATA 3.5" 7200RPM;Undetermined HDD 40GB SATA 3.5" 7200RPM;Undetermined HDD 40GB SATA 3.5" 7200RPM;;;;85;;;;;
1;3;1969;1;135,548706;110,2022;Hard Seagate.Hard Drive 40 GB Serial ATA-300 (3 Gbit/s) 3.5" 22-position Serial ATA (SATA) plug 7200 rpm Internal;ST340015AS;;Hard Seagate.Hard Drive 40 GB Serial ATA-300 (3 Gbit/s) 3.5" 22-position Serial ATA (SATA) plug 7200 rpm Internal;Hard Seagate.Hard Drive 40 GB Serial ATA-300 (3 Gbit/s) 3.5" 22-position Serial ATA (SATA) plug 7200 rpm Internal;Hard Seagate.Hard Drive 40 GB Serial ATA-300 (3 Gbit/s) 3.5" 22-position Serial ATA (SATA) plug 7200 rpm Internal;Hard Seagate.Hard Drive 40 GB Serial ATA-300 (3 Gbit/s) 3.5" 22-position Serial ATA (SATA) plug 7200 rpm Internal;;;;85;;;;;
1;3;1969;1;69,864;56,8;Hard Seagate.Hard Drive Barracuda 400 GB Serial ATA-300 (3 Gbit/s) 3.5" 7200 rpm Internal;ST3400620AS;;Hard Seagate.Hard Drive Barracuda 400 GB Serial ATA-300 (3 Gbit/s) 3.5" 7200 rpm Internal;Hard Seagate.Hard Drive Barracuda 400 GB Serial ATA-300 (3 Gbit/s) 3.5" 7200 rpm Internal;Hard Seagate.Hard Drive Barracuda 400 GB Serial ATA-300 (3 Gbit/s) 3.5" 7200 rpm Internal;Hard Seagate.Hard Drive Barracuda 400 GB Serial ATA-300 (3 Gbit/s) 3.5" 7200 rpm Internal;;;;85;;;;;
1;3;1969;1;135,548706;110,2022;Hard Seagate Barracuda - Hard drive - 40 GB - internal - 3.5" - Serial ATA-300 - 7200 rpm;ST3402111AS;;Hard Seagate Barracuda - Hard drive - 40 GB - internal - 3.5" - Serial ATA-300 - 7200 rpm;Hard Seagate Barracuda - Hard drive - 40 GB - internal - 3.5" - Serial ATA-300 - 7200 rpm;Hard Seagate Barracuda - Hard drive - 40 GB - internal - 3.5" - Serial ATA-300 - 7200 rpm;Hard Seagate Barracuda - Hard drive - 40 GB - internal - 3.5" - Serial ATA-300 - 7200 rpm;;;;85;;;;;
1;3;1969;1;18,1671;14,77;Hard HDD 40GB SATA 3.5" 7200RPM;ST3402112AS;;Hard HDD 40GB SATA 3.5" 7200RPM;Hard HDD 40GB SATA 3.5" 7200RPM;Hard HDD 40GB SATA 3.5" 7200RPM;Hard HDD 40GB SATA 3.5" 7200RPM;;;;85;;;;;
1;3;1969;1;18,1671;14,77;Hard HDD, 40 GB - internal - 3.5" - ATA-100 - 40 pin IDC - 5400 rpm - FRU: 19K1562;ST340810A;;Hard HDD, 40 GB - internal - 3.5" - ATA-100 - 40 pin IDC - 5400 rpm - FRU: 19K1562;Hard HDD, 40 GB - internal - 3.5" - ATA-100 - 40 pin IDC - 5400 rpm - FRU: 19K1562;Hard HDD, 40 GB - internal - 3.5" - ATA-100 - 40 pin IDC - 5400 rpm - FRU: 19K1562;Hard HDD, 40 GB - internal - 3.5" - ATA-100 - 40 pin IDC - 5400 rpm - FRU: 19K1562;;;;85;;;;;
1;3;1969;1;678,8247;551,89;450GB 15000RPM 16MB CACHE SAS 3.5IN;ST3450056SS;;450GB 15000RPM 16MB CACHE SAS 3.5IN;450GB 15000RPM 16MB CACHE SAS 3.5IN;450GB 15000RPM 16MB CACHE SAS 3.5IN;450GB 15000RPM 16MB CACHE SAS 3.5IN;;;;85;;;;;
1;3;1969;1;540,0069;439,03;450GB 15000RPM 16MB CACHE 3.5IN;ST3450657FC;;450GB 15000RPM 16MB CACHE 3.5IN;450GB 15000RPM 16MB CACHE 3.5IN;450GB 15000RPM 16MB CACHE 3.5IN;450GB 15000RPM 16MB CACHE 3.5IN;;;;85;;;;;
1;3;1969;1;689,7717;560,79;450GB 15000RPM 16MB CACHE SAS;ST3450657SS;;450GB 15000RPM 16MB CACHE SAS;450GB 15000RPM 16MB CACHE SAS;450GB 15000RPM 16MB CACHE SAS;450GB 15000RPM 16MB CACHE SAS;;;;85;;;;;
1;3;1969;1;432,6033;351,71;400GB SAS 10K rpm 6Gb/s;ST3450802SS;;400GB SAS 10K rpm 6Gb/s;400GB SAS 10K rpm 6Gb/s;400GB SAS 10K rpm 6Gb/s;400GB SAS 10K rpm 6Gb/s;;;;85;;;;;
1;3;1969;1;432,6033;351,71;450GB 15000RPM 16MB CACHE SAS;ST3450857SS;;450GB 15000RPM 16MB CACHE SAS;450GB 15000RPM 16MB CACHE SAS;450GB 15000RPM 16MB CACHE SAS;450GB 15000RPM 16MB CACHE SAS;;;;85;;;;;
1;3;1969;1;63,468;51,6;500GB 5900RPM 8MB SATA II/300 PIPELINEHD;ST3500312CS;;500GB 5900RPM 8MB SATA II/300 PIPELINEHD;500GB 5900RPM 8MB SATA II/300 PIPELINEHD;500GB 5900RPM 8MB SATA II/300 PIPELINEHD;500GB 5900RPM 8MB SATA II/300 PIPELINEHD;;;;85;;;;;
1;3;1969;1;66,5307;54,09;500GB 7200RPM 16MB CACHE SATA, 3.5INCH, SEAGATE SV35 SURVEILLANCE DRIVE;ST3500411SV;;500GB 7200RPM 16MB CACHE SATA, 3.5INCH, SEAGATE SV35 SURVEILLANCE DRIVE;500GB 7200RPM 16MB CACHE SATA, 3.5INCH, SEAGATE SV35 SURVEILLANCE DRIVE;500GB 7200RPM 16MB CACHE SATA, 3.5INCH, SEAGATE SV35 SURVEILLANCE DRIVE;500GB 7200RPM 16MB CACHE SATA, 3.5INCH, SEAGATE SV35 SURVEILLANCE DRIVE;;;;85;;;;;
1;3;1969;1;60,4053;49,11;500GB Barracuda LP SATA HD;ST3500413AS;;500GB Barracuda LP SATA HD;500GB Barracuda LP SATA HD;500GB Barracuda LP SATA HD;500GB Barracuda LP SATA HD;;;;85;;;;;
1;3;1969;1;146,4192;119,04;Constellation 500GB SAS 6Gb/s;ST3500414SS;;Constellation 500GB SAS 6Gb/s;Constellation 500GB SAS 6Gb/s;Constellation 500GB SAS 6Gb/s;Constellation 500GB SAS 6Gb/s;;;;85;;;;;
1;3;1969;1;115,9029;94,23;500GB Constellation SATA 3Gb/s;ST3500514NS;;500GB Constellation SATA 3Gb/s;500GB Constellation SATA 3Gb/s;500GB Constellation SATA 3Gb/s;500GB Constellation SATA 3Gb/s;;;;85;;;;;
1;3;1969;1;97,6128;79,36;SEAGATE RETAIL - HARD DRIVE - 500GB - INTERNAL - 3.5IN - SATA 3GB/S NCQ - 7200 RPM -16MB CACHE;ST3500641AS-RK;;SEAGATE RETAIL - HARD DRIVE - 500GB - INTERNAL - 3.5IN - SATA 3GB/S NCQ - 7200 RPM -16MB CACHE;SEAGATE RETAIL - HARD DRIVE - 500GB - INTERNAL - 3.5IN - SATA 3GB/S NCQ - 7200 RPM -16MB CACHE;SEAGATE RETAIL - HARD DRIVE - 500GB - INTERNAL - 3.5IN - SATA 3GB/S NCQ - 7200 RPM -16MB CACHE;SEAGATE RETAIL - HARD DRIVE - 500GB - INTERNAL - 3.5IN - SATA 3GB/S NCQ - 7200 RPM -16MB CACHE;;;;85;;;;;
1;3;1969;1;551,3967;448,29;Cheetah SAS 6-Gb/s 600-GB;ST3600002SS;;Cheetah SAS 6-Gb/s 600-GB;Cheetah SAS 6-Gb/s 600-GB;Cheetah SAS 6-Gb/s 600-GB;Cheetah SAS 6-Gb/s 600-GB;;;;85;;;;;
1;3;1969;1;551,3967;448,29;600GB 15000RPM 16MB CACHE SAS;ST3600057SS;;600GB 15000RPM 16MB CACHE SAS;600GB 15000RPM 16MB CACHE SAS;600GB 15000RPM 16MB CACHE SAS;600GB 15000RPM 16MB CACHE SAS;;;;85;;;;;
1;3;1969;1;815,7483;663,21;BUNDLE OF SGT-ST3600057SS AND ITG-LABOR;ST3600057SS -RFS;;BUNDLE OF SGT-ST3600057SS AND ITG-LABOR;BUNDLE OF SGT-ST3600057SS AND ITG-LABOR;BUNDLE OF SGT-ST3600057SS AND ITG-LABOR;BUNDLE OF SGT-ST3600057SS AND ITG-LABOR;;;;85;;;;;
1;3;1969;1;16,7649;13,63;Hard HDD, 60GB IDE;ST360021A;;Hard HDD, 60GB IDE;Hard HDD, 60GB IDE;Hard HDD, 60GB IDE;Hard HDD, 60GB IDE;;;;85;;;;;
1;3;1969;1;674,6058;548,46;600GB 15000RPM 16MB CACHE 3.5IN;ST3600857FC;;600GB 15000RPM 16MB CACHE 3.5IN;600GB 15000RPM 16MB CACHE 3.5IN;600GB 15000RPM 16MB CACHE 3.5IN;600GB 15000RPM 16MB CACHE 3.5IN;;;;85;;;;;
1;3;1969;1;867,2484;705,08;600GB 15000RPM 16MB CACHE SAS;ST3600857SS;;600GB 15000RPM 16MB CACHE SAS;600GB 15000RPM 16MB CACHE SAS;600GB 15000RPM 16MB CACHE SAS;600GB 15000RPM 16MB CACHE SAS;;;;85;;;;;
1;3;1969;1;856,2399;696,13;600GB 15,000RPM 16MB BUFFER, SAS, 3.5INCH, SEAGATE CHEETAH 15.7 // TRANSITION TOST3600057SS. SAME SPECS, CURRENT MODEL. NO BACKORDERS ON THIS DRIVE WILL BE F;ST3600957SS;;600GB 15,000RPM 16MB BUFFER, SAS, 3.5INCH, SEAGATE CHEETAH 15.7 // TRANSITION TOST3600057SS. SAME SPECS, CURRENT MODEL. NO BACKORDERS ON THIS DRIVE WILL BE F;600GB 15,000RPM 16MB BUFFER, SAS, 3.5INCH, SEAGATE CHEETAH 15.7 // TRANSITION TOST3600057SS. SAME SPECS, CURRENT MODEL. NO BACKORDERS ON THIS DRIVE WILL BE F;600GB 15,000RPM 16MB BUFFER, SAS, 3.5INCH, SEAGATE CHEETAH 15.7 // TRANSITION TOST3600057SS. SAME SPECS, CURRENT MODEL. NO BACKORDERS ON THIS DRIVE WILL BE F;600GB 15,000RPM 16MB BUFFER, SAS, 3.5INCH, SEAGATE CHEETAH 15.7 // TRANSITION TOST3600057SS. SAME SPECS, CURRENT MODEL. NO BACKORDERS ON THIS DRIVE WILL BE F;;;;85;;;;;
1;3;1969;1;89,421;72,7;Hard Seagate.Hard Drive 73 GB Ultra160 SCSI 3.5" 80 pin Centronics (SCA-2) 10000 rpm Hot Swap Internal;ST373405LC;;Hard Seagate.Hard Drive 73 GB Ultra160 SCSI 3.5" 80 pin Centronics (SCA-2) 10000 rpm Hot Swap Internal;Hard Seagate.Hard Drive 73 GB Ultra160 SCSI 3.5" 80 pin Centronics (SCA-2) 10000 rpm Hot Swap Internal;Hard Seagate.Hard Drive 73 GB Ultra160 SCSI 3.5" 80 pin Centronics (SCA-2) 10000 rpm Hot Swap Internal;Hard Seagate.Hard Drive 73 GB Ultra160 SCSI 3.5" 80 pin Centronics (SCA-2) 10000 rpm Hot Swap Internal;;;;85;;;;;
1;3;1969;1;82,4346;67,02;Hard Seagate Cheetah - Hard drive - 73.4 GB - internal - 3.5" - 80 pin Centronics (SCA-2) - 15000 rpm;ST373455LC;;Hard Seagate Cheetah - Hard drive - 73.4 GB - internal - 3.5" - 80 pin Centronics (SCA-2) - 15000 rpm;Hard Seagate Cheetah - Hard drive - 73.4 GB - internal - 3.5" - 80 pin Centronics (SCA-2) - 15000 rpm;Hard Seagate Cheetah - Hard drive - 73.4 GB - internal - 3.5" - 80 pin Centronics (SCA-2) - 15000 rpm;Hard Seagate Cheetah - Hard drive - 73.4 GB - internal - 3.5" - 80 pin Centronics (SCA-2) - 15000 rpm;;;;85;;;;;
1;3;1969;1;74,9316;60,92;750GB 7200 RPM SATA 3.5" HD;ST3750525AS;;750GB 7200 RPM SATA 3.5" HD;750GB 7200 RPM SATA 3.5" HD;750GB 7200 RPM SATA 3.5" HD;750GB 7200 RPM SATA 3.5" HD;;;;85;;;;;
1;3;1969;1;1216,5315;989,05;8TB USB2.0/ETHERNET RJ45; BLACK ARMOR NAS STORAGE SERVER;ST380005SHA10G-RK;;8TB USB2.0/ETHERNET RJ45; BLACK ARMOR NAS STORAGE SERVER;8TB USB2.0/ETHERNET RJ45; BLACK ARMOR NAS STORAGE SERVER;8TB USB2.0/ETHERNET RJ45; BLACK ARMOR NAS STORAGE SERVER;8TB USB2.0/ETHERNET RJ45; BLACK ARMOR NAS STORAGE SERVER;;;;85
1;3;1969;1;23,7513;19,31;Hard HDD, 80GB IDE 3.5" 7200RPM;ST380011A;;Hard HDD, 80GB IDE 3.5" 7200RPM;Hard HDD, 80GB IDE 3.5" 7200RPM;Hard HDD, 80GB IDE 3.5" 7200RPM;Hard HDD, 80GB IDE 3.5" 7200RPM;;;;85;;;;;
1;3;1969;1;3664,6374;2979,38;400GB MLC NAND FLASH 6GB/S SAS, 2.5INCH;ST400FM0002;;400GB MLC NAND FLASH 6GB/S SAS, 2.5INCH;400GB MLC NAND FLASH 6GB/S SAS, 2.5INCH;400GB MLC NAND FLASH 6GB/S SAS, 2.5INCH;400GB MLC NAND FLASH 6GB/S SAS, 2.5INCH;;;;85;;;;;
1;3;1969;1;3664,6374;2979,38;400GB MLC NAND FLASH 6GB/S SATA, 2.5INCH;ST400FM0012;;400GB MLC NAND FLASH 6GB/S SATA, 2.5INCH;400GB MLC NAND FLASH 6GB/S SATA, 2.5INCH;400GB MLC NAND FLASH 6GB/S SATA, 2.5INCH;400GB MLC NAND FLASH 6GB/S SATA, 2.5INCH;;;;85;;;;;
1;3;1969;1;7730,673;6285,1;400GB SLC NAND FLASH 6GB/S SAS, 2.5INCH;ST400FX0002;;400GB SLC NAND FLASH 6GB/S SAS, 2.5INCH;400GB SLC NAND FLASH 6GB/S SAS, 2.5INCH;400GB SLC NAND FLASH 6GB/S SAS, 2.5INCH;400GB SLC NAND FLASH 6GB/S SAS, 2.5INCH;;;;85;;;;;
1;3;1969;1;7730,7468;6285,16;400GB SLC NAND FLASH 6GB/S SAS, 2.5INCH;ST400FX0012;;400GB SLC NAND FLASH 6GB/S SAS, 2.5INCH;400GB SLC NAND FLASH 6GB/S SAS, 2.5INCH;400GB SLC NAND FLASH 6GB/S SAS, 2.5INCH;400GB SLC NAND FLASH 6GB/S SAS, 2.5INCH;;;;85;;;;;
1;3;1969;1;60,4053;49,11;500GB 7200RPM 16MB CACHE SATA 3.5;ST500DM002;;500GB 7200RPM 16MB CACHE SATA 3.5;500GB 7200RPM 16MB CACHE SATA 3.5;500GB 7200RPM 16MB CACHE SATA 3.5;500GB 7200RPM 16MB CACHE SATA 3.5;;;;85;;;;;
1;3;1969;1;107,0346;87,02;500GB 5400RPM 16MB CACHE SATA/7MM THIN;ST500LT012;;500GB 5400RPM 16MB CACHE SATA/7MM THIN;500GB 5400RPM 16MB CACHE SATA/7MM THIN;500GB 5400RPM 16MB CACHE SATA/7MM THIN;500GB 5400RPM 16MB CACHE SATA/7MM THIN;;;;85;;;;;
1;3;1969;1;153,2949;124,63;500GB 7200RPM 16MB BUFFER, 6GB/S SAS, 3.;ST500NM0001;;500GB 7200RPM 16MB BUFFER, 6GB/S SAS, 3.;500GB 7200RPM 16MB BUFFER, 6GB/S SAS, 3.;500GB 7200RPM 16MB BUFFER, 6GB/S SAS, 3.;500GB 7200RPM 16MB BUFFER, 6GB/S SAS, 3.;;;;85;;;;;
1;3;1969;1;123,5289;100,43;500GB 7200RPM 64MB BUFFER, 6GB/S SATA, 3.5INCH, SEAGATE CONSTELLATION ES;ST500NM0011;;500GB 7200RPM 64MB BUFFER, 6GB/S SATA, 3.5INCH, SEAGATE CONSTELLATION ES;500GB 7200RPM 64MB BUFFER, 6GB/S SATA, 3.5INCH, SEAGATE CONSTELLATION ES;500GB 7200RPM 64MB BUFFER, 6GB/S SATA, 3.5INCH, SEAGATE CONSTELLATION ES;500GB 7200RPM 64MB BUFFER, 6GB/S SATA, 3.5INCH, SEAGATE CONSTELLATION ES;;;;85;;;;;
1;3;1969;1;168,4854;136,98;500GB 7200RPM 64MB BUFFER, 6GB/S SAS, 3.;ST500NM0021;;500GB 7200RPM 64MB BUFFER, 6GB/S SAS, 3.;500GB 7200RPM 64MB BUFFER, 6GB/S SAS, 3.;500GB 7200RPM 64MB BUFFER, 6GB/S SAS, 3.;500GB 7200RPM 64MB BUFFER, 6GB/S SAS, 3.;;;;85;;;;;
1;3;1969;1;158,8176;129,12;500GB 7200RPM 64MB BUFFER, 6GB/S SATA, 3.5 INCH, SEAGATE CONSTELLATION ES / FDE;ST500NM0031;;500GB 7200RPM 64MB BUFFER, 6GB/S SATA, 3.5 INCH, SEAGATE CONSTELLATION ES / FDE;500GB 7200RPM 64MB BUFFER, 6GB/S SATA, 3.5 INCH, SEAGATE CONSTELLATION ES / FDE;500GB 7200RPM 64MB BUFFER, 6GB/S SATA, 3.5 INCH, SEAGATE CONSTELLATION ES / FDE;500GB 7200RPM 64MB BUFFER, 6GB/S SATA, 3.5 INCH, SEAGATE CONSTELLATION ES / FDE;;;;85;;;;;
1;3;1969;1;267,4758;217,46;500GB 7200RPM 64MB BUFFER, 6GB/S SAS, 3.5INCH, SEAGATE CONSTELLATION ES / FDE TECHNOLOGY W/ FIPS;ST500NM0041;;500GB 7200RPM 64MB BUFFER, 6GB/S SAS, 3.5INCH, SEAGATE CONSTELLATION ES / FDE TECHNOLOGY W/ FIPS;500GB 7200RPM 64MB BUFFER, 6GB/S SAS, 3.5INCH, SEAGATE CONSTELLATION ES / FDE TECHNOLOGY W/ FIPS;500GB 7200RPM 64MB BUFFER, 6GB/S SAS, 3.5INCH, SEAGATE CONSTELLATION ES / FDE TECHNOLOGY W/ FIPS;500GB 7200RPM 64MB BUFFER, 6GB/S SAS, 3.5INCH, SEAGATE CONSTELLATION ES / FDE TECHNOLOGY W/ FIPS;;;;85;;;;;
1;3;1969;1;206,8368;168,16;750GB 7200RPM 32MB SATA 6GB/S NCQ / MOMENTUS XT;ST750LX003;;750GB 7200RPM 32MB SATA 6GB/S NCQ / MOMENTUS XT;750GB 7200RPM 32MB SATA 6GB/S NCQ / MOMENTUS XT;750GB 7200RPM 32MB SATA 6GB/S NCQ / MOMENTUS XT;750GB 7200RPM 32MB SATA 6GB/S NCQ / MOMENTUS XT;;;;85;;;;;
1;3;1969;1;7329,2379;5958,73;800GB MLC NAND FLASH 6GB/S SAS, 2.5INCH;ST800FM0002;;800GB MLC NAND FLASH 6GB/S SAS, 2.5INCH;800GB MLC NAND FLASH 6GB/S SAS, 2.5INCH;800GB MLC NAND FLASH 6GB/S SAS, 2.5INCH;800GB MLC NAND FLASH 6GB/S SAS, 2.5INCH;;;;85;;;;;
1;3;1969;1;7329,324;5958,8;800GB MLC NAND FLASH 6GB/S SAS, 2.5INCH;ST800FM0012;;800GB MLC NAND FLASH 6GB/S SAS, 2.5INCH;800GB MLC NAND FLASH 6GB/S SAS, 2.5INCH;800GB MLC NAND FLASH 6GB/S SAS, 2.5INCH;800GB MLC NAND FLASH 6GB/S SAS, 2.5INCH;;;;85;;;;;
1;3;1969;1;290,7474;236,38;250GB FREEAGENT THEATER HD MEDIA PLAYER SOLUTION, 1080 HIGH DEF PLAYBACK, DOLBYDIGITAL 5.1 SURROUND SOUND, WINDOWS XP, VISTA COMPATIBLE;ST902503CEA1E1-RK;;250GB FREEAGENT THEATER HD MEDIA PLAYER SOLUTION, 1080 HIGH DEF PLAYBACK, DOLBYDIGITAL 5.1 SURROUND SOUND, WINDOWS XP, VISTA COMPATIBLE;250GB FREEAGENT THEATER HD MEDIA PLAYER SOLUTION, 1080 HIGH DEF PLAYBACK, DOLBYDIGITAL 5.1 SURROUND SOUND, WINDOWS XP, VISTA COMPATIBLE;250GB FREEAGENT THEATER HD MEDIA PLAYER SOLUTION, 1080 HIGH DEF PLAYBACK, DOLBYDIGITAL 5.1 SURROUND SOUND, WINDOWS XP, VISTA COMPATIBLE;250GB FREEAGENT THEATER HD MEDIA PLAYER SOLUTION, 1080 HIGH DEF PLAYBACK, DOLBYDIGITAL 5.1 SURROUND SOUND, WINDOWS XP, VISTA COMPATIBLE;;;;85;;;;;
1;3;1969;1;73,2465;59,55;250GB 5400RPM 8MB BUFFER, SATA/150, SEAGATE MOMENTUS 5400.4 INTERNAL RETAIL KIT;ST90250N1A1AS-RK;;250GB 5400RPM 8MB BUFFER, SATA/150, SEAGATE MOMENTUS 5400.4 INTERNAL RETAIL KIT;250GB 5400RPM 8MB BUFFER, SATA/150, SEAGATE MOMENTUS 5400.4 INTERNAL RETAIL KIT;250GB 5400RPM 8MB BUFFER, SATA/150, SEAGATE MOMENTUS 5400.4 INTERNAL RETAIL KIT;250GB 5400RPM 8MB BUFFER, SATA/150, SEAGATE MOMENTUS 5400.4 INTERNAL RETAIL KIT;;;;85;;;;;
1;3;1969;1;122,016;99,2;320GB USB I GO Ext HD-Red;ST903203FDA2E1-RK;;320GB USB I GO Ext HD-Red;320GB USB I GO Ext HD-Red;320GB USB I GO Ext HD-Red;320GB USB I GO Ext HD-Red;;;;85;;;;;
1;3;1969;1;109,8144;89,28;320GB USB I GO Ext HD-Red;ST903203FDB2E1-RK;;320GB USB I GO Ext HD-Red;320GB USB I GO Ext HD-Red;320GB USB I GO Ext HD-Red;320GB USB I GO Ext HD-Red;;;;85;;;;;
1;3;1969;1;89,8392;73,04;320GB 5400RPM 8MB CACHE SATA;ST903203N1A2AS-RK;;320GB 5400RPM 8MB CACHE SATA;320GB 5400RPM 8MB CACHE SATA;320GB 5400RPM 8MB CACHE SATA;320GB 5400RPM 8MB CACHE SATA;;;;85;;;;;
1;3;1969;1;84,7347;68,89;320GB 7200RPM 16MB BUFFER, SEAGATE MOMENTUS 7200 INTERNAL RETAIL KIT;ST903203N3A1AS-RK;;320GB 7200RPM 16MB BUFFER, SEAGATE MOMENTUS 7200 INTERNAL RETAIL KIT;320GB 7200RPM 16MB BUFFER, SEAGATE MOMENTUS 7200 INTERNAL RETAIL KIT;320GB 7200RPM 16MB BUFFER, SEAGATE MOMENTUS 7200 INTERNAL RETAIL KIT;320GB 7200RPM 16MB BUFFER, SEAGATE MOMENTUS 7200 INTERNAL RETAIL KIT;;;;85;;;;;
1;3;1969;1;82,3608;66,96;320GB 2.5" USB2;ST903204EXA101-RK;;320GB 2.5" USB2;320GB 2.5" USB2;320GB 2.5" USB2;320GB 2.5" USB2;;;;85;;;;;
1;3;1969;1;82,3608;66,96;500GB USB GO Ext HD-Blk CANADA;ST905003FAB2E1-RK;;500GB USB GO Ext HD-Blk CANADA;500GB USB GO Ext HD-Blk CANADA;500GB USB GO Ext HD-Blk CANADA;500GB USB GO Ext HD-Blk CANADA;;;;85;;;;;
1;3;1969;1;97,6128;79,36;500GB MOMENTUS SATA 5400 RPM 8MB 2.5IN;ST905003N1A1AS-RK;;500GB MOMENTUS SATA 5400 RPM 8MB 2.5IN;500GB MOMENTUS SATA 5400 RPM 8MB 2.5IN;500GB MOMENTUS SATA 5400 RPM 8MB 2.5IN;500GB MOMENTUS SATA 5400 RPM 8MB 2.5IN;;;;85;;;;;
1;3;1969;1;109,8144;89,28;500GB 7200RPM 16MB BUFFER, SEAGATE MOMENTUS 7200 INTERNAL RETAIL KIT;ST905003N3A1AS-RK;;500GB 7200RPM 16MB BUFFER, SEAGATE MOMENTUS 7200 INTERNAL RETAIL KIT;500GB 7200RPM 16MB BUFFER, SEAGATE MOMENTUS 7200 INTERNAL RETAIL KIT;500GB 7200RPM 16MB BUFFER, SEAGATE MOMENTUS 7200 INTERNAL RETAIL KIT;500GB 7200RPM 16MB BUFFER, SEAGATE MOMENTUS 7200 INTERNAL RETAIL KIT;;;;85;;;;;
1;3;1969;1;353,7972;287,64;500GB FREEAGENT THEATER HD MEDIA PLAYER SOLUTION, 1080 HIGH DEF PLAYBACK, DOLBYDIGITAL 5.1 SURROUND SOUND, WINDOWS XP, VISTA COMPATIBLE;ST905004CEA1E1-RK;;500GB FREEAGENT THEATER HD MEDIA PLAYER SOLUTION, 1080 HIGH DEF PLAYBACK, DOLBYDIGITAL 5.1 SURROUND SOUND, WINDOWS XP, VISTA COMPATIBLE;500GB FREEAGENT THEATER HD MEDIA PLAYER SOLUTION, 1080 HIGH DEF PLAYBACK, DOLBYDIGITAL 5.1 SURROUND SOUND, WINDOWS XP, VISTA COMPATIBLE;500GB FREEAGENT THEATER HD MEDIA PLAYER SOLUTION, 1080 HIGH DEF PLAYBACK, DOLBYDIGITAL 5.1 SURROUND SOUND, WINDOWS XP, VISTA COMPATIBLE;500GB FREEAGENT THEATER HD MEDIA PLAYER SOLUTION, 1080 HIGH DEF PLAYBACK, DOLBYDIGITAL 5.1 SURROUND SOUND, WINDOWS XP, VISTA COMPATIBLE;;;;85;;;;;
1;3;1969;1;82,3608;66,96;500GB EXTERNAL PORTABLE USB 2.0 5400 RPM 8MB 2.5IN;ST905004EXA101-RK;;500GB EXTERNAL PORTABLE USB 2.0 5400 RPM 8MB 2.5IN;500GB EXTERNAL PORTABLE USB 2.0 5400 RPM 8MB 2.5IN;500GB EXTERNAL PORTABLE USB 2.0 5400 RPM 8MB 2.5IN;500GB EXTERNAL PORTABLE USB 2.0 5400 RPM 8MB 2.5IN;;;;85;;;;;
1;3;1969;1;149,6295;121,65;640GB 7200RPM 16MB RETAIL KIT;ST906403N1A1AS-RK;;640GB 7200RPM 16MB RETAIL KIT;640GB 7200RPM 16MB RETAIL KIT;640GB 7200RPM 16MB RETAIL KIT;640GB 7200RPM 16MB RETAIL KIT;;;;85;;;;;
1;3;1969;1;137,0958;111,46;750GB MOMENTUS SATA 7200 RPM 16MB 2.5IN INTERNAL RETAIL KIT;ST907503N1A1AS-RK;;750GB MOMENTUS SATA 7200 RPM 16MB 2.5IN INTERNAL RETAIL KIT;750GB MOMENTUS SATA 7200 RPM 16MB 2.5IN INTERNAL RETAIL KIT;750GB MOMENTUS SATA 7200 RPM 16MB 2.5IN INTERNAL RETAIL KIT;750GB MOMENTUS SATA 7200 RPM 16MB 2.5IN INTERNAL RETAIL KIT;;;;85;;;;;
1;3;1969;1;123,5289;100,43;1TB EXPANSION PORTABLE DRIVE USB 2.0 5000 RPM 16MB 2.5IN;ST910004EXA101-RK;;1TB EXPANSION PORTABLE DRIVE USB 2.0 5000 RPM 16MB 2.5IN;1TB EXPANSION PORTABLE DRIVE USB 2.0 5000 RPM 16MB 2.5IN;1TB EXPANSION PORTABLE DRIVE USB 2.0 5000 RPM 16MB 2.5IN;1TB EXPANSION PORTABLE DRIVE USB 2.0 5000 RPM 16MB 2.5IN;;;;85;;;;;
1;3;1969;1;444,1899;361,13;1TB 7200RPM 64MB CACHE CONSTELLATION 2.5;ST91000640NS;;1TB 7200RPM 64MB CACHE CONSTELLATION 2.5;1TB 7200RPM 64MB CACHE CONSTELLATION 2.5;1TB 7200RPM 64MB CACHE CONSTELLATION 2.5;1TB 7200RPM 64MB CACHE CONSTELLATION 2.5;;;;85;;;;;
1;3;1969;1;488,556;397,2;1TB 7200RPM 64MB CACHE SAS CONSTELLATION 2.5;ST91000640SS;;1TB 7200RPM 64MB CACHE SAS CONSTELLATION 2.5;1TB 7200RPM 64MB CACHE SAS CONSTELLATION 2.5;1TB 7200RPM 64MB CACHE SAS CONSTELLATION 2.5;1TB 7200RPM 64MB CACHE SAS CONSTELLATION 2.5;;;;85;;;;;
1;3;1969;1;466,3791;379,17;1TB 7200RPM 64MB CACHE FDE CONSTELLATION 2.5;ST91000641NS;;1TB 7200RPM 64MB CACHE FDE CONSTELLATION 2.5;1TB 7200RPM 64MB CACHE FDE CONSTELLATION 2.5;1TB 7200RPM 64MB CACHE FDE CONSTELLATION 2.5;1TB 7200RPM 64MB CACHE FDE CONSTELLATION 2.5;;;;85;;;;;
1;3;1969;1;510,9543;415,41;1TB 7200RPM 64MB CACHE FDE SAS CONSTELLATION 2.5;ST91000641SS;;1TB 7200RPM 64MB CACHE FDE SAS CONSTELLATION 2.5;1TB 7200RPM 64MB CACHE FDE SAS CONSTELLATION 2.5;1TB 7200RPM 64MB CACHE FDE SAS CONSTELLATION 2.5;1TB 7200RPM 64MB CACHE FDE SAS CONSTELLATION 2.5;;;;85;;;;;
1;3;1969;1;330,0705;268,35;1TB 7200RPM 64MB CACHE FDE FIPS CONSTELLATION 2.5;ST91000642NS;;1TB 7200RPM 64MB CACHE FDE FIPS CONSTELLATION 2.5;1TB 7200RPM 64MB CACHE FDE FIPS CONSTELLATION 2.5;1TB 7200RPM 64MB CACHE FDE FIPS CONSTELLATION 2.5;1TB 7200RPM 64MB CACHE FDE FIPS CONSTELLATION 2.5;;;;85;;;;;
1;3;1969;1;522,0366;424,42;1TB 7200RPM 64MB CACHE FDE FIPS SAS CONSTELLATION 2.5;ST91000642SS;;1TB 7200RPM 64MB CACHE FDE FIPS SAS CONSTELLATION 2.5;1TB 7200RPM 64MB CACHE FDE FIPS SAS CONSTELLATION 2.5;1TB 7200RPM 64MB CACHE FDE FIPS SAS CONSTELLATION 2.5;1TB 7200RPM 64MB CACHE FDE FIPS SAS CONSTELLATION 2.5;;;;85;;;;;
1;3;1969;1;344,5599;280,13;147GB 10000RPM 16MB CACHE SAS 2.5IN;ST9146603SS;;147GB 10000RPM 16MB CACHE SAS 2.5IN;147GB 10000RPM 16MB CACHE SAS 2.5IN;147GB 10000RPM 16MB CACHE SAS 2.5IN;147GB 10000RPM 16MB CACHE SAS 2.5IN;;;;85;;;;;
1;3;1969;1;499,7982;406,34;146.8GB 15000RPM 16MB CACHE SAS 2.5IN;ST9146652SS;;146.8GB 15000RPM 16MB CACHE SAS 2.5IN;146.8GB 15000RPM 16MB CACHE SAS 2.5IN;146.8GB 15000RPM 16MB CACHE SAS 2.5IN;146.8GB 15000RPM 16MB CACHE SAS 2.5IN;;;;85;;;;;
1;3;1969;1;349,1109;283,83;146GB 15000RPM 64MB BUFFER, SAS, 2.5INCH;ST9146753SS;;146GB 15000RPM 64MB BUFFER, SAS, 2.5INCH;146GB 15000RPM 64MB BUFFER, SAS, 2.5INCH;146GB 15000RPM 64MB BUFFER, SAS, 2.5INCH;146GB 15000RPM 64MB BUFFER, SAS, 2.5INCH;;;;85;;;;;
1;3;1969;1;197,3289;160,43;146GB SAS 2.5" 10K RPM;ST9146803SS;;146GB SAS 2.5" 10K RPM;146GB SAS 2.5" 10K RPM;146GB SAS 2.5" 10K RPM;146GB SAS 2.5" 10K RPM;;;;85;;;;;
1;3;1969;1;303,5763;246,81;146GB 15,000RPM SAS SAVVIO 15K.2 SERIES;ST9146852SS;;146GB 15,000RPM SAS SAVVIO 15K.2 SERIES;146GB 15,000RPM SAS SAVVIO 15K.2 SERIES;146GB 15,000RPM SAS SAVVIO 15K.2 SERIES;146GB 15,000RPM SAS SAVVIO 15K.2 SERIES;;;;85;;;;;
1;3;1969;1;318,7422;259,14;146GB 15000RPM 64MB BUFFER, SAS, 2.5 INC;ST9146853SS;;146GB 15000RPM 64MB BUFFER, SAS, 2.5 INC;146GB 15000RPM 64MB BUFFER, SAS, 2.5 INC;146GB 15000RPM 64MB BUFFER, SAS, 2.5 INC;146GB 15000RPM 64MB BUFFER, SAS, 2.5 INC;;;;85;;;;;
1;3;1969;1;53,5173;43,51;160GB 5400 RPM SATA 2.5" Drive;ST9160314AS;;160GB 5400 RPM SATA 2.5" Drive;160GB 5400 RPM SATA 2.5" Drive;160GB 5400 RPM SATA 2.5" Drive;160GB 5400 RPM SATA 2.5" Drive;;;;85;;;;;
1;3;1969;1;115,9767;94,29;Hard HDD 160GB SATA II 2.5" 5400RPM;ST9160314AS;;Hard HDD 160GB SATA II 2.5" 5400RPM;Hard HDD 160GB SATA II 2.5" 5400RPM;Hard HDD 160GB SATA II 2.5" 5400RPM;Hard HDD 160GB SATA II 2.5" 5400RPM;;;;85;;;;;
1;3;1969;1;59,6304;48,48;160GB 7200RPM 16MB CACHE SATA II/300;ST9160412AS;;160GB 7200RPM 16MB CACHE SATA II/300;160GB 7200RPM 16MB CACHE SATA II/300;160GB 7200RPM 16MB CACHE SATA II/300;160GB 7200RPM 16MB CACHE SATA II/300;;;;85;;;;;
1;3;1969;1;57,2934;46,58;Hard Seagate.Hard Drive ThinkPad 160 GB Serial ATA-150 (1.5 Gbit/s) 2.5" 7200 rpm Internal;ST9160412AS;;Hard Seagate.Hard Drive ThinkPad 160 GB Serial ATA-150 (1.5 Gbit/s) 2.5" 7200 rpm Internal;Hard Seagate.Hard Drive ThinkPad 160 GB Serial ATA-150 (1.5 Gbit/s) 2.5" 7200 rpm Internal;Hard Seagate.Hard Drive ThinkPad 160 GB Serial ATA-150 (1.5 Gbit/s) 2.5" 7200 rpm Internal;Hard Seagate.Hard Drive ThinkPad 160 GB Serial ATA-150 (1.5 Gbit/s) 2.5" 7200 rpm Internal;;;;85;;;;;
1;3;1969;1;144,8817;117,79;Constellation 160GB SATA 3Gb/s;ST9160511NS;;Constellation 160GB SATA 3Gb/s;Constellation 160GB SATA 3Gb/s;Constellation 160GB SATA 3Gb/s;Constellation 160GB SATA 3Gb/s;;;;85;;;;;
1;3;1969;1;64,2183;52,21;250GB 7200 RPM SATA 2.5" Drive;ST9250410AS;;250GB 7200 RPM SATA 2.5" Drive;250GB 7200 RPM SATA 2.5" Drive;250GB 7200 RPM SATA 2.5" Drive;250GB 7200 RPM SATA 2.5" Drive;;;;85;;;;;
1;3;1969;1;71,8566;58,42;250GB 7200 RPM SATA 2.5" Drive;ST9250410ASG;;250GB 7200 RPM SATA 2.5" Drive;250GB 7200 RPM SATA 2.5" Drive;250GB 7200 RPM SATA 2.5" Drive;250GB 7200 RPM SATA 2.5" Drive;;;;85;;;;;
1;3;1969;1;82,3608;66,96;250GB 7200 RPM SATA 2.5";ST9250411AS;;250GB 7200 RPM SATA 2.5";250GB 7200 RPM SATA 2.5";250GB 7200 RPM SATA 2.5";250GB 7200 RPM SATA 2.5";;;;85;;;;;
1;3;1969;1;123,5289;100,43;250GB 7200 RPM SATA 2.5" Drive;ST92505610AS;;250GB 7200 RPM SATA 2.5" Drive;250GB 7200 RPM SATA 2.5" Drive;250GB 7200 RPM SATA 2.5" Drive;250GB 7200 RPM SATA 2.5" Drive;;;;85;;;;;
1;3;1969;1;144,8817;117,79;250GB 7200RPM 64MB CACHE CONSTELLATION 2.5;ST9250610NS;;250GB 7200RPM 64MB CACHE CONSTELLATION 2.5;250GB 7200RPM 64MB CACHE CONSTELLATION 2.5;250GB 7200RPM 64MB CACHE CONSTELLATION 2.5;250GB 7200RPM 64MB CACHE CONSTELLATION 2.5;;;;85;;;;;
1;3;1969;1;176,9478;143,86;250GB 7200RPM 64MB CACHE FDE CONSTELLATION 2.5;ST9250611NS;;250GB 7200RPM 64MB CACHE FDE CONSTELLATION 2.5;250GB 7200RPM 64MB CACHE FDE CONSTELLATION 2.5;250GB 7200RPM 64MB CACHE FDE CONSTELLATION 2.5;250GB 7200RPM 64MB CACHE FDE CONSTELLATION 2.5;;;;85;;;;;
1;3;1969;1;184,4262;149,94;250GB 7200RPM 64MB CACHE FDE FIPS CONSTELLATION 2.5;ST9250612NS;;250GB 7200RPM 64MB CACHE FDE FIPS CONSTELLATION 2.5;250GB 7200RPM 64MB CACHE FDE FIPS CONSTELLATION 2.5;250GB 7200RPM 64MB CACHE FDE FIPS CONSTELLATION 2.5;250GB 7200RPM 64MB CACHE FDE FIPS CONSTELLATION 2.5;;;;85;;;;;
1;3;1969;1;475,6902;386,74;300GB 10000RPM 16MB CACHE SAS 2.5IN;ST9300403SS;;300GB 10000RPM 16MB CACHE SAS 2.5IN;300GB 10000RPM 16MB CACHE SAS 2.5IN;300GB 10000RPM 16MB CACHE SAS 2.5IN;300GB 10000RPM 16MB CACHE SAS 2.5IN;;;;85;;;;;
1;3;1969;1;317,2293;257,91;300GB 10000RPM 64MB BUFFER, SAS, 2.5INCH;ST9300505SS;;300GB 10000RPM 64MB BUFFER, SAS, 2.5INCH;300GB 10000RPM 64MB BUFFER, SAS, 2.5INCH;300GB 10000RPM 64MB BUFFER, SAS, 2.5INCH;300GB 10000RPM 64MB BUFFER, SAS, 2.5INCH;;;;85;;;;;
1;3;1969;1;558,9366;454,42;300GB 15000RPM 64MB BUFFER, SAS, 2.5INCH;ST9300553SS;;300GB 15000RPM 64MB BUFFER, SAS, 2.5INCH;300GB 15000RPM 64MB BUFFER, SAS, 2.5INCH;300GB 15000RPM 64MB BUFFER, SAS, 2.5INCH;300GB 15000RPM 64MB BUFFER, SAS, 2.5INCH;;;;85;;;;;
1;3;1969;1;286,8729;233,23;300GB SAS 2.5" 10K RPM;ST9300603SS;;300GB SAS 2.5" 10K RPM;300GB SAS 2.5" 10K RPM;300GB SAS 2.5" 10K RPM;300GB SAS 2.5" 10K RPM;;;;85;;;;;
1;3;1969;1;419,7867;341,29;300GB 10000RPM 64MB BUFFER, SAS, 2.5INCH;ST9300605FC;;300GB 10000RPM 64MB BUFFER, SAS, 2.5INCH;300GB 10000RPM 64MB BUFFER, SAS, 2.5INCH;300GB 10000RPM 64MB BUFFER, SAS, 2.5INCH;300GB 10000RPM 64MB BUFFER, SAS, 2.5INCH;;;;85;;;;;
1;3;1969;1;286,8729;233,23;300GB 10000RPM 64MB BUFFER, SAS, 2.5INCH;ST9300605SS;;300GB 10000RPM 64MB BUFFER, SAS, 2.5INCH;300GB 10000RPM 64MB BUFFER, SAS, 2.5INCH;300GB 10000RPM 64MB BUFFER, SAS, 2.5INCH;300GB 10000RPM 64MB BUFFER, SAS, 2.5INCH;;;;85;;;;;
1;3;1969;1;528,7278;429,86;300GB 15000RPM 64MB BUFFER, SAS, 2.5INCH;ST9300653SS;;300GB 15000RPM 64MB BUFFER, SAS, 2.5INCH;300GB 15000RPM 64MB BUFFER, SAS, 2.5INCH;300GB 15000RPM 64MB BUFFER, SAS, 2.5INCH;300GB 15000RPM 64MB BUFFER, SAS, 2.5INCH;;;;85;;;;;
1;3;1969;1;64,2183;52,21;320GB 5400 RPM SATA 2.5" Drive;ST9320325AS;;320GB 5400 RPM SATA 2.5" Drive;320GB 5400 RPM SATA 2.5" Drive;320GB 5400 RPM SATA 2.5" Drive;320GB 5400 RPM SATA 2.5" Drive;;;;85;;;;;
1;3;1969;1;70,356;57,2;320GB 7200RPM 16MB CACHE SATA II/300;ST9320423AS;;320GB 7200RPM 16MB CACHE SATA II/300;320GB 7200RPM 16MB CACHE SATA II/300;320GB 7200RPM 16MB CACHE SATA II/300;320GB 7200RPM 16MB CACHE SATA II/300;;;;85;;;;;
1;3;1969;1;134,2053;109,11;320GB 7200 RPM SATA 2.5" Drive;ST93205620AS;;320GB 7200 RPM SATA 2.5" Drive;320GB 7200 RPM SATA 2.5" Drive;320GB 7200 RPM SATA 2.5" Drive;320GB 7200 RPM SATA 2.5" Drive;;;;85;;;;;
1;3;1969;1;521,1756;423,72;Savvio 10K.4 SAS 450GB;ST9450304SS;;Savvio 10K.4 SAS 450GB;Savvio 10K.4 SAS 450GB;Savvio 10K.4 SAS 450GB;Savvio 10K.4 SAS 450GB;;;;85;;;;;
1;3;1969;1;468,2979;380,73;450GB 10000RPM 64MB BUFFER, SAS, 2.5INCH;ST9450305SS;;450GB 10000RPM 64MB BUFFER, SAS, 2.5INCH;450GB 10000RPM 64MB BUFFER, SAS, 2.5INCH;450GB 10000RPM 64MB BUFFER, SAS, 2.5INCH;450GB 10000RPM 64MB BUFFER, SAS, 2.5INCH;;;;85;;;;;
1;3;1969;1;490,9668;399,16;Savvio 10K.4 SAS 450GB;ST9450404SS;;Savvio 10K.4 SAS 450GB;Savvio 10K.4 SAS 450GB;Savvio 10K.4 SAS 450GB;Savvio 10K.4 SAS 450GB;;;;85;;;;;
1;3;1969;1;643,8066;523,42;450GB 10000RPM 64MB BUFFER, SAS, 2.5INCH;ST9450405FC;;450GB 10000RPM 64MB BUFFER, SAS, 2.5INCH;450GB 10000RPM 64MB BUFFER, SAS, 2.5INCH;450GB 10000RPM 64MB BUFFER, SAS, 2.5INCH;450GB 10000RPM 64MB BUFFER, SAS, 2.5INCH;;;;85;;;;;
1;3;1969;1;440,1678;357,86;450GB 10000RPM 64MB BUFFER, SAS, 2.5INCH;ST9450405SS;;450GB 10000RPM 64MB BUFFER, SAS, 2.5INCH;450GB 10000RPM 64MB BUFFER, SAS, 2.5INCH;450GB 10000RPM 64MB BUFFER, SAS, 2.5INCH;450GB 10000RPM 64MB BUFFER, SAS, 2.5INCH;;;;85;;;;;
1;3;1969;1;80,8356;65,72;500GB 5400RPM 8MB BUFFER, SERIAL ATA II/300, 2.5INCH, SEAGATE MOMENTUS 5400.6;ST9500325AS;;500GB 5400RPM 8MB BUFFER, SERIAL ATA II/300, 2.5INCH, SEAGATE MOMENTUS 5400.6;500GB 5400RPM 8MB BUFFER, SERIAL ATA II/300, 2.5INCH, SEAGATE MOMENTUS 5400.6;500GB 5400RPM 8MB BUFFER, SERIAL ATA II/300, 2.5INCH, SEAGATE MOMENTUS 5400.6;500GB 5400RPM 8MB BUFFER, SERIAL ATA II/300, 2.5INCH, SEAGATE MOMENTUS 5400.6;;;;85;;;;;
1;3;1969;1;88,4493;71,91;500GB 7200 RPM SATA 2.5" Drive;ST9500420AS;;500GB 7200 RPM SATA 2.5" Drive;500GB 7200 RPM SATA 2.5" Drive;500GB 7200 RPM SATA 2.5" Drive;500GB 7200 RPM SATA 2.5" Drive;;;;85;;;;;
1;3;1969;1;96,0753;78,11;500GB 7200 RPM SATA 2.5" Drive;ST9500420ASG;;500GB 7200 RPM SATA 2.5" Drive;500GB 7200 RPM SATA 2.5" Drive;500GB 7200 RPM SATA 2.5" Drive;500GB 7200 RPM SATA 2.5" Drive;;;;85;;;;;
1;3;1969;1;108,2769;88,03;500GB 7200 RPM SATA 2.5";ST9500421AS;;500GB 7200 RPM SATA 2.5";500GB 7200 RPM SATA 2.5";500GB 7200 RPM SATA 2.5";500GB 7200 RPM SATA 2.5";;;;85;;;;;
1;3;1969;1;115,9029;94,23;500GB 7200 RPM SATA 2.5";ST9500422AS;;500GB 7200 RPM SATA 2.5";500GB 7200 RPM SATA 2.5";500GB 7200 RPM SATA 2.5";500GB 7200 RPM SATA 2.5";;;;85;;;;;
1;3;1969;1;124,2546;101,02;500GB 7200RPM 16MB CACHE SATA 2.5 IN MOMENTUS;ST9500423AS;;500GB 7200RPM 16MB CACHE SATA 2.5 IN MOMENTUS;500GB 7200RPM 16MB CACHE SATA 2.5 IN MOMENTUS;500GB 7200RPM 16MB CACHE SATA 2.5 IN MOMENTUS;500GB 7200RPM 16MB CACHE SATA 2.5 IN MOMENTUS;;;;85;;;;;
1;3;1969;1;154,7094;125,78;500GB 7200RPM 32MB , 2.5 INCH MOMENTUS XT;ST95005620AS;;500GB 7200RPM 32MB , 2.5 INCH MOMENTUS XT;500GB 7200RPM 32MB , 2.5 INCH MOMENTUS XT;500GB 7200RPM 32MB , 2.5 INCH MOMENTUS XT;500GB 7200RPM 32MB , 2.5 INCH MOMENTUS XT;;;;85;;;;;
1;3;1969;1;204,9057;166,59;500GB 7200RPM 64MB CACHE CONSTELLATION 2.5;ST9500620NS;;500GB 7200RPM 64MB CACHE CONSTELLATION 2.5;500GB 7200RPM 64MB CACHE CONSTELLATION 2.5;500GB 7200RPM 64MB CACHE CONSTELLATION 2.5;500GB 7200RPM 64MB CACHE CONSTELLATION 2.5;;;;85;;;;;
1;3;1969;1;235,2744;191,28;500GB 7200RPM 64MB CACHE SAS CONSTELLATION 2.5;ST9500620SS;;500GB 7200RPM 64MB CACHE SAS CONSTELLATION 2.5;500GB 7200RPM 64MB CACHE SAS CONSTELLATION 2.5;500GB 7200RPM 64MB CACHE SAS CONSTELLATION 2.5;500GB 7200RPM 64MB CACHE SAS CONSTELLATION 2.5;;;;85;;;;;
1;3;1969;1;245,8524;199,88;500GB 7200RPM 64MB CACHE FDE CONSTELLATION 2.5;ST9500621NS;;500GB 7200RPM 64MB CACHE FDE CONSTELLATION 2.5;500GB 7200RPM 64MB CACHE FDE CONSTELLATION 2.5;500GB 7200RPM 64MB CACHE FDE CONSTELLATION 2.5;500GB 7200RPM 64MB CACHE FDE CONSTELLATION 2.5;;;;85;;;;;
1;3;1969;1;250,4526;203,62;500GB 7200RPM 64MB CACHE FDE SAS CONSTELLATION 2.5;ST9500621SS;;500GB 7200RPM 64MB CACHE FDE SAS CONSTELLATION 2.5;500GB 7200RPM 64MB CACHE FDE SAS CONSTELLATION 2.5;500GB 7200RPM 64MB CACHE FDE SAS CONSTELLATION 2.5;500GB 7200RPM 64MB CACHE FDE SAS CONSTELLATION 2.5;;;;85;;;;;
1;3;1969;1;253,2693;205,91;500GB 7200RPM 64MB CACHE FDE FIPS CONSTELLATION 2.5;ST9500622NS;;500GB 7200RPM 64MB CACHE FDE FIPS CONSTELLATION 2.5;500GB 7200RPM 64MB CACHE FDE FIPS CONSTELLATION 2.5;500GB 7200RPM 64MB CACHE FDE FIPS CONSTELLATION 2.5;500GB 7200RPM 64MB CACHE FDE FIPS CONSTELLATION 2.5;;;;85;;;;;
1;3;1969;1;410,943;334,1;500GB 7200RPM 64MB CACHE FDE FIPS SAS CONSTELLATION 2.5;ST9500622SS;;500GB 7200RPM 64MB CACHE FDE FIPS SAS CONSTELLATION 2.5;500GB 7200RPM 64MB CACHE FDE FIPS SAS CONSTELLATION 2.5;500GB 7200RPM 64MB CACHE FDE FIPS SAS CONSTELLATION 2.5;500GB 7200RPM 64MB CACHE FDE FIPS SAS CONSTELLATION 2.5;;;;85;;;;;
1;3;1969;1;832,2918;676,66;600GB 10,000RPM 16MB SAS SAVVIO 10K.4;ST9600004SS;;600GB 10,000RPM 16MB SAS SAVVIO 10K.4;600GB 10,000RPM 16MB SAS SAVVIO 10K.4;600GB 10,000RPM 16MB SAS SAVVIO 10K.4;600GB 10,000RPM 16MB SAS SAVVIO 10K.4;;;;85;;;;;
1;3;1969;1;558,9366;454,42;Savvio 10K.4 SAS 600GB SED;ST9600104SS;;Savvio 10K.4 SAS 600GB SED;Savvio 10K.4 SAS 600GB SED;Savvio 10K.4 SAS 600GB SED;Savvio 10K.4 SAS 600GB SED;;;;85;;;;;
1;3;1969;1;574,041;466,7;600GB 10000RPM 64MB BUFFER, SAS, 2.5INCH;ST9600105SS;;600GB 10000RPM 64MB BUFFER, SAS, 2.5INCH;600GB 10000RPM 64MB BUFFER, SAS, 2.5INCH;600GB 10000RPM 64MB BUFFER, SAS, 2.5INCH;600GB 10000RPM 64MB BUFFER, SAS, 2.5INCH;;;;85;;;;;
1;3;1969;1;528,7278;429,86;Savvio 10K.4 SAS 600GB;ST9600204SS;;Savvio 10K.4 SAS 600GB;Savvio 10K.4 SAS 600GB;Savvio 10K.4 SAS 600GB;Savvio 10K.4 SAS 600GB;;;;85;;;;;
1;3;1969;1;799,1064;649,68;600GB 10000RPM 64MB BUFFER, SAS, 2.5INCH;ST9600205FC;;600GB 10000RPM 64MB BUFFER, SAS, 2.5INCH;600GB 10000RPM 64MB BUFFER, SAS, 2.5INCH;600GB 10000RPM 64MB BUFFER, SAS, 2.5INCH;600GB 10000RPM 64MB BUFFER, SAS, 2.5INCH;;;;85;;;;;
1;3;1969;1;543,8322;442,14;600GB 10000RPM 64MB BUFFER, SAS, 2.5INCH;ST9600205SS;;600GB 10000RPM 64MB BUFFER, SAS, 2.5INCH;600GB 10000RPM 64MB BUFFER, SAS, 2.5INCH;600GB 10000RPM 64MB BUFFER, SAS, 2.5INCH;600GB 10000RPM 64MB BUFFER, SAS, 2.5INCH;;;;85;;;;;
1;3;1969;1;418,692;340,4;73.4GB 15000RPM 16MB CACHE SAS 2.5IN;ST973252SS;;73.4GB 15000RPM 16MB CACHE SAS 2.5IN;73.4GB 15000RPM 16MB CACHE SAS 2.5IN;73.4GB 15000RPM 16MB CACHE SAS 2.5IN;73.4GB 15000RPM 16MB CACHE SAS 2.5IN;;;;85;;;;;
1;3;1969;1;19,557;15,9;Hard Seagate Savvio - Hard drive - 73.4 GB - internal - 2.5" - Ultra320 SCSI - 80 pin Centronics (SCA-2) - 10000 rpm;ST973401LC;;Hard Seagate Savvio - Hard drive - 73.4 GB - internal - 2.5" - Ultra320 SCSI - 80 pin Centronics (SCA-2) - 10000 rpm;Hard Seagate Savvio - Hard drive - 73.4 GB - internal - 2.5" - Ultra320 SCSI - 80 pin Centronics (SCA-2) - 10000 rpm;Hard Seagate Savvio - Hard drive - 73.4 GB - internal - 2.5" - Ultra320 SCSI - 80 pin Centronics (SCA-2) - 10000 rpm;Hard Seagate Savvio - Hard drive - 73.4 GB - internal - 2.5" - Ultra320 SCSI - 80 pin Centronics (SCA-2) - 10000 rpm;;;;85;;;;;
1;3;1969;1;129,642;105,4;750GB 7200RPM 16MB CACHE 2.5INCH MOMENTUS 7200;ST9750420AS;;750GB 7200RPM 16MB CACHE 2.5INCH MOMENTUS 7200;750GB 7200RPM 16MB CACHE 2.5INCH MOMENTUS 7200;750GB 7200RPM 16MB CACHE 2.5INCH MOMENTUS 7200;750GB 7200RPM 16MB CACHE 2.5INCH MOMENTUS 7200;;;;85;;;;;
1;3;1969;1;122,016;99,2;750GB 5400RPM 16MB CACHE 2.5INCH MOMENTUS 7200;ST9750423AS;;750GB 5400RPM 16MB CACHE 2.5INCH MOMENTUS 7200;750GB 5400RPM 16MB CACHE 2.5INCH MOMENTUS 7200;750GB 5400RPM 16MB CACHE 2.5INCH MOMENTUS 7200;750GB 5400RPM 16MB CACHE 2.5INCH MOMENTUS 7200;;;;85;;;;;
1;3;1969;1;815,7483;663,21;900GB 10000RPM 64MB BUFFER, SAS, 2.5INCH;ST9900705SS;;900GB 10000RPM 64MB BUFFER, SAS, 2.5INCH;900GB 10000RPM 64MB BUFFER, SAS, 2.5INCH;900GB 10000RPM 64MB BUFFER, SAS, 2.5INCH;900GB 10000RPM 64MB BUFFER, SAS, 2.5INCH;;;;85;;;;;
1;3;1969;1;1153,863;938,1;900GB 10000RPM 64MB BUFFER, SAS, 2.5INCH;ST9900805FC;;900GB 10000RPM 64MB BUFFER, SAS, 2.5INCH;900GB 10000RPM 64MB BUFFER, SAS, 2.5INCH;900GB 10000RPM 64MB BUFFER, SAS, 2.5INCH;900GB 10000RPM 64MB BUFFER, SAS, 2.5INCH;;;;85;;;;;
1;3;1969;1;785,5518;638,66;900GB 10000RPM 64MB BUFFER, SAS, 2.5 INC;ST9900805SS;;900GB 10000RPM 64MB BUFFER, SAS, 2.5 INC;900GB 10000RPM 64MB BUFFER, SAS, 2.5 INC;900GB 10000RPM 64MB BUFFER, SAS, 2.5 INC;900GB 10000RPM 64MB BUFFER, SAS, 2.5 INC;;;;85;;;;;
1;3;1969;1;152,9874;124,38;1TB FREEAGENT GOFLEX 0.1 USB 2.0 2.5E;STAA1000100;;1TB FREEAGENT GOFLEX 0.1 USB 2.0 2.5E;1TB FREEAGENT GOFLEX 0.1 USB 2.0 2.5E;1TB FREEAGENT GOFLEX 0.1 USB 2.0 2.5E;1TB FREEAGENT GOFLEX 0.1 USB 2.0 2.5E;;;;85;;;;;
1;3;1969;1;153,3564;124,68;1TB FREEAGENT GOFLEX USB 3.0 5000 RPM 16MB 2.5IN;STAA1000101;;1TB FREEAGENT GOFLEX USB 3.0 5000 RPM 16MB 2.5IN;1TB FREEAGENT GOFLEX USB 3.0 5000 RPM 16MB 2.5IN;1TB FREEAGENT GOFLEX USB 3.0 5000 RPM 16MB 2.5IN;1TB FREEAGENT GOFLEX USB 3.0 5000 RPM 16MB 2.5IN;;;;85;;;;;
1;3;1969;1;154,9554;125,98;1TB FREEAGENT GOFLEX BLUE USB 3.0 5000 RPM 16MB 2.5IN;STAA1000102;;1TB FREEAGENT GOFLEX BLUE USB 3.0 5000 RPM 16MB 2.5IN;1TB FREEAGENT GOFLEX BLUE USB 3.0 5000 RPM 16MB 2.5IN;1TB FREEAGENT GOFLEX BLUE USB 3.0 5000 RPM 16MB 2.5IN;1TB FREEAGENT GOFLEX BLUE USB 3.0 5000 RPM 16MB 2.5IN;;;;85;;;;;
1;3;1969;1;157,9443;128,41;1TB FREEAGENT GOFLEX SILVER KIT USB 3.0 5000 RPM 16MB 2.5IN;STAA1000104;;1TB FREEAGENT GOFLEX SILVER KIT USB 3.0 5000 RPM 16MB 2.5IN;1TB FREEAGENT GOFLEX SILVER KIT USB 3.0 5000 RPM 16MB 2.5IN;1TB FREEAGENT GOFLEX SILVER KIT USB 3.0 5000 RPM 16MB 2.5IN;1TB FREEAGENT GOFLEX SILVER KIT USB 3.0 5000 RPM 16MB 2.5IN;;;;85;;;;;
1;3;1969;1;209,6904;170,48;1.5TB FREEAGENT GOFLEX USB 3.0 5000 RPM 16MB 2.5IN;STAA1500100;;1.5TB FREEAGENT GOFLEX USB 3.0 5000 RPM 16MB 2.5IN;1.5TB FREEAGENT GOFLEX USB 3.0 5000 RPM 16MB 2.5IN;1.5TB FREEAGENT GOFLEX USB 3.0 5000 RPM 16MB 2.5IN;1.5TB FREEAGENT GOFLEX USB 3.0 5000 RPM 16MB 2.5IN;;;;85;;;;;
1;3;1969;1;104,0826;84,62;320GB FrAgt GoFlex Ultra- Blk;STAA320100;;320GB FrAgt GoFlex Ultra- Blk;320GB FrAgt GoFlex Ultra- Blk;320GB FrAgt GoFlex Ultra- Blk;320GB FrAgt GoFlex Ultra- Blk;;;;85;;;;;
1;3;1969;1;109,8144;89,28;320GB FrAgt GoFlex Ultra- Slvr;STAA320101;;320GB FrAgt GoFlex Ultra- Slvr;320GB FrAgt GoFlex Ultra- Slvr;320GB FrAgt GoFlex Ultra- Slvr;320GB FrAgt GoFlex Ultra- Slvr;;;;85;;;;;
1;3;1969;1;122,016;99,2;500GB FREEAGENT GOFLEX 0.1 USB 2.0 2.5E BLACK;STAA500100;;500GB FREEAGENT GOFLEX 0.1 USB 2.0 2.5E BLACK;500GB FREEAGENT GOFLEX 0.1 USB 2.0 2.5E BLACK;500GB FREEAGENT GOFLEX 0.1 USB 2.0 2.5E BLACK;500GB FREEAGENT GOFLEX 0.1 USB 2.0 2.5E BLACK;;;;85;;;;;
1;3;1969;1;122,016;99,2;500GB FREEAGENT GOFLEX 0.1 USB 2.0 2.5E SILVER;STAA500101;;500GB FREEAGENT GOFLEX 0.1 USB 2.0 2.5E SILVER;500GB FREEAGENT GOFLEX 0.1 USB 2.0 2.5E SILVER;500GB FREEAGENT GOFLEX 0.1 USB 2.0 2.5E SILVER;500GB FREEAGENT GOFLEX 0.1 USB 2.0 2.5E SILVER;;;;85;;;;;
1;3;1969;1;122,016;99,2;500GB FREEAGENT GOFLEX 0.1 USB 2.0 2.5E BLUE;STAA500102;;500GB FREEAGENT GOFLEX 0.1 USB 2.0 2.5E BLUE;500GB FREEAGENT GOFLEX 0.1 USB 2.0 2.5E BLUE;500GB FREEAGENT GOFLEX 0.1 USB 2.0 2.5E BLUE;500GB FREEAGENT GOFLEX 0.1 USB 2.0 2.5E BLUE;;;;85;;;;;
1;3;1969;1;122,016;99,2;500GB FREEAGENT GOFLEX 0.1 USB 2.0 2.5E RED;STAA500103;;500GB FREEAGENT GOFLEX 0.1 USB 2.0 2.5E RED;500GB FREEAGENT GOFLEX 0.1 USB 2.0 2.5E RED;500GB FREEAGENT GOFLEX 0.1 USB 2.0 2.5E RED;500GB FREEAGENT GOFLEX 0.1 USB 2.0 2.5E RED;;;;85;;;;;
1;3;1969;1;128,5719;104,53;500GB FREEAGENT GOFLEX USB 3.0 5400 RPM 8MB 2.5IN BLACK;STAA500105;;500GB FREEAGENT GOFLEX USB 3.0 5400 RPM 8MB 2.5IN BLACK;500GB FREEAGENT GOFLEX USB 3.0 5400 RPM 8MB 2.5IN BLACK;500GB FREEAGENT GOFLEX USB 3.0 5400 RPM 8MB 2.5IN BLACK;500GB FREEAGENT GOFLEX USB 3.0 5400 RPM 8MB 2.5IN BLACK;;;;85;;;;;
1;3;1969;1;125,5092;102,04;500GB FREEAGENT GOFLEX USB 3.0 5400 RPM 8MB 2.5IN SILVER;STAA500106;;500GB FREEAGENT GOFLEX USB 3.0 5400 RPM 8MB 2.5IN SILVER;500GB FREEAGENT GOFLEX USB 3.0 5400 RPM 8MB 2.5IN SILVER;500GB FREEAGENT GOFLEX USB 3.0 5400 RPM 8MB 2.5IN SILVER;500GB FREEAGENT GOFLEX USB 3.0 5400 RPM 8MB 2.5IN SILVER;;;;85;;;;;
1;3;1969;1;128,5719;104,53;500GB FREEAGENT GOFLEX USB 3.0 5400 RPM 8MB 2.5IN BLUE;STAA500107;;500GB FREEAGENT GOFLEX USB 3.0 5400 RPM 8MB 2.5IN BLUE;500GB FREEAGENT GOFLEX USB 3.0 5400 RPM 8MB 2.5IN BLUE;500GB FREEAGENT GOFLEX USB 3.0 5400 RPM 8MB 2.5IN BLUE;500GB FREEAGENT GOFLEX USB 3.0 5400 RPM 8MB 2.5IN BLUE;;;;85;;;;;
1;3;1969;1;128,5719;104,53;500GB FREEAGENT GOFLEX USB 3.0 5400 RPM 8MB 2.5IN RED;STAA500108;;500GB FREEAGENT GOFLEX USB 3.0 5400 RPM 8MB 2.5IN RED;500GB FREEAGENT GOFLEX USB 3.0 5400 RPM 8MB 2.5IN RED;500GB FREEAGENT GOFLEX USB 3.0 5400 RPM 8MB 2.5IN RED;500GB FREEAGENT GOFLEX USB 3.0 5400 RPM 8MB 2.5IN RED;;;;85;;;;;
1;3;1969;1;142,7415;116,05;750GB FREEAGENT GOFLEX 0.1 USB 2.0 2.5E;STAA750100;;750GB FREEAGENT GOFLEX 0.1 USB 2.0 2.5E;750GB FREEAGENT GOFLEX 0.1 USB 2.0 2.5E;750GB FREEAGENT GOFLEX 0.1 USB 2.0 2.5E;750GB FREEAGENT GOFLEX 0.1 USB 2.0 2.5E;;;;85;;;;;
1;3;1969;1;143,91;117;750GB FREEAGENT GOFLEX USB 3.0 5400 RPM 16MB 2.5IN;STAA750101;;750GB FREEAGENT GOFLEX USB 3.0 5400 RPM 16MB 2.5IN;750GB FREEAGENT GOFLEX USB 3.0 5400 RPM 16MB 2.5IN;750GB FREEAGENT GOFLEX USB 3.0 5400 RPM 16MB 2.5IN;750GB FREEAGENT GOFLEX USB 3.0 5400 RPM 16MB 2.5IN;;;;85;;;;;
1;3;1969;1;140,3307;114,09;FREEAGENT GOFLEX - DRIVE ONLY, 2.5INCH,5000RPM,CAPACITY:1000,CACHE:16;STAB1000500;;FREEAGENT GOFLEX - DRIVE ONLY, 2.5INCH,5000RPM,CAPACITY:1000,CACHE:16;FREEAGENT GOFLEX - DRIVE ONLY, 2.5INCH,5000RPM,CAPACITY:1000,CACHE:16;FREEAGENT GOFLEX - DRIVE ONLY, 2.5INCH,5000RPM,CAPACITY:1000,CACHE:16;FREEAGENT GOFLEX - DRIVE ONLY, 2.5INCH,5000RPM,CAPACITY:1000,CACHE:16;;;;85;;;;;
1;3;1969;1;89,913;73,1;320GB GOFLEX PORTABLE,NO CABLE;STAB320500;;320GB GOFLEX PORTABLE,NO CABLE;320GB GOFLEX PORTABLE,NO CABLE;320GB GOFLEX PORTABLE,NO CABLE;320GB GOFLEX PORTABLE,NO CABLE;;;;85;;;;;
1;3;1969;1;116,0013;94,31;500GB BLACK FREEAGENT GOFLEX ULTRA-PORTABLE DRIVE - DRIVE ONLY;STAB500500;;500GB BLACK FREEAGENT GOFLEX ULTRA-PORTABLE DRIVE - DRIVE ONLY;500GB BLACK FREEAGENT GOFLEX ULTRA-PORTABLE DRIVE - DRIVE ONLY;500GB BLACK FREEAGENT GOFLEX ULTRA-PORTABLE DRIVE - DRIVE ONLY;500GB BLACK FREEAGENT GOFLEX ULTRA-PORTABLE DRIVE - DRIVE ONLY;;;;85;;;;;
1;3;1969;1;128,5719;104,53;750GB FREEAGENT GOFLEX SATA 5400 RPM 8MB 2.5IN;STAB750500;;750GB FREEAGENT GOFLEX SATA 5400 RPM 8MB 2.5IN;750GB FREEAGENT GOFLEX SATA 5400 RPM 8MB 2.5IN;750GB FREEAGENT GOFLEX SATA 5400 RPM 8MB 2.5IN;750GB FREEAGENT GOFLEX SATA 5400 RPM 8MB 2.5IN;;;;85;;;;;
1;3;1969;1;134,2053;109,11;1TB FA GoFlexDesk USB2.0 Blk;STAC1000100;;1TB FA GoFlexDesk USB2.0 Blk;1TB FA GoFlexDesk USB2.0 Blk;1TB FA GoFlexDesk USB2.0 Blk;1TB FA GoFlexDesk USB2.0 Blk;;;;85;;;;;
1;3;1969;1;142,68;116;1TB GOFLEX DESK V2 EXT DRIVE USB 3.0 5900 RPM 32MB 3.5IN;STAC1000103;;1TB GOFLEX DESK V2 EXT DRIVE USB 3.0 5900 RPM 32MB 3.5IN;1TB GOFLEX DESK V2 EXT DRIVE USB 3.0 5900 RPM 32MB 3.5IN;1TB GOFLEX DESK V2 EXT DRIVE USB 3.0 5900 RPM 32MB 3.5IN;1TB GOFLEX DESK V2 EXT DRIVE USB 3.0 5900 RPM 32MB 3.5IN;;;;85;;;;;
1;3;1969;1;122,016;99,2;1TB GoFlexDesk Drive Only-blk;STAC1000403;;1TB GoFlexDesk Drive Only-blk;1TB GoFlexDesk Drive Only-blk;1TB GoFlexDesk Drive Only-blk;1TB GoFlexDesk Drive Only-blk;;;;85;;;;;
1;3;1969;1;159,4695;129,65;FREEAGENT GOFLEX DESK EXTERNAL DRIVE USB2.0 7200RPM 32 CACHE;STAC1500100;;FREEAGENT GOFLEX DESK EXTERNAL DRIVE USB2.0 7200RPM 32 CACHE;FREEAGENT GOFLEX DESK EXTERNAL DRIVE USB2.0 7200RPM 32 CACHE;FREEAGENT GOFLEX DESK EXTERNAL DRIVE USB2.0 7200RPM 32 CACHE;FREEAGENT GOFLEX DESK EXTERNAL DRIVE USB2.0 7200RPM 32 CACHE;;;;85;;;;;
1;3;1969;1;157,8459;128,33;FREEAGENT GOFLEX DESK EXTERNAL DRIVE, 2TB STORAGE, USB 2.0, BLACK, PAN-AMERICANRETAIL PACKAGING;STAC2000100;;FREEAGENT GOFLEX DESK EXTERNAL DRIVE, 2TB STORAGE, USB 2.0, BLACK, PAN-AMERICANRETAIL PACKAGING;FREEAGENT GOFLEX DESK EXTERNAL DRIVE, 2TB STORAGE, USB 2.0, BLACK, PAN-AMERICANRETAIL PACKAGING;FREEAGENT GOFLEX DESK EXTERNAL DRIVE, 2TB STORAGE, USB 2.0, BLACK, PAN-AMERICANRETAIL PACKAGING;FREEAGENT GOFLEX DESK EXTERNAL DRIVE, 2TB STORAGE, USB 2.0, BLACK, PAN-AMERICANRETAIL PACKAGING;;;;85;;;;;
1;3;1969;1;169,9983;138,21;2TB FA GoFlexDesk USB3.0 Blk;STAC2000103;;2TB FA GoFlexDesk USB3.0 Blk;2TB FA GoFlexDesk USB3.0 Blk;2TB FA GoFlexDesk USB3.0 Blk;2TB FA GoFlexDesk USB3.0 Blk;;;;85;;;;;
1;3;1969;1;180,2442;146,54;2TB GOFLEX DESK EXTERNAL USB3.0;STAC2000104;;2TB GOFLEX DESK EXTERNAL USB3.0;2TB GOFLEX DESK EXTERNAL USB3.0;2TB GOFLEX DESK EXTERNAL USB3.0;2TB GOFLEX DESK EXTERNAL USB3.0;;;;85;;;;;
1;3;1969;1;169,9983;138,21;2TB GOFLEX DESK V2 EXT DRIVE USB 3.0 5900 RPM 32MB 3.5IN;STAC2000106;;2TB GOFLEX DESK V2 EXT DRIVE USB 3.0 5900 RPM 32MB 3.5IN;2TB GOFLEX DESK V2 EXT DRIVE USB 3.0 5900 RPM 32MB 3.5IN;2TB GOFLEX DESK V2 EXT DRIVE USB 3.0 5900 RPM 32MB 3.5IN;2TB GOFLEX DESK V2 EXT DRIVE USB 3.0 5900 RPM 32MB 3.5IN;;;;85;;;;;
1;3;1969;1;146,4192;119,04;2TB GoFlexDesk Drive Only-blk;STAC2000403;;2TB GoFlexDesk Drive Only-blk;2TB GoFlexDesk Drive Only-blk;2TB GoFlexDesk Drive Only-blk;2TB GoFlexDesk Drive Only-blk;;;;85;;;;;
1;3;1969;1;242,8512;197,44;3TB FA GoFlexDesk USB2.0 Blk;STAC3000100;;3TB FA GoFlexDesk USB2.0 Blk;3TB FA GoFlexDesk USB2.0 Blk;3TB FA GoFlexDesk USB2.0 Blk;3TB FA GoFlexDesk USB2.0 Blk;;;;85;;;;;
1;3;1969;1;254,9913;207,31;3TB FA GoFlexDesk USB3.0 Blk;STAC3000101;;3TB FA GoFlexDesk USB3.0 Blk;3TB FA GoFlexDesk USB3.0 Blk;3TB FA GoFlexDesk USB3.0 Blk;3TB FA GoFlexDesk USB3.0 Blk;;;;85;;;;;
1;3;1969;1;214,9671;174,77;3TB GOFLEX DESK V2 EXT DRIVE USB 3.0 5900 RPM 32MB 3.5IN;STAC3000102;;3TB GOFLEX DESK V2 EXT DRIVE USB 3.0 5900 RPM 32MB 3.5IN;3TB GOFLEX DESK V2 EXT DRIVE USB 3.0 5900 RPM 32MB 3.5IN;3TB GOFLEX DESK V2 EXT DRIVE USB 3.0 5900 RPM 32MB 3.5IN;3TB GOFLEX DESK V2 EXT DRIVE USB 3.0 5900 RPM 32MB 3.5IN;;;;85;;;;;
1;3;1969;1;210,084;170,8;3TB GoFlexDesk Drive Only-blk;STAC3000404;;3TB GoFlexDesk Drive Only-blk;3TB GoFlexDesk Drive Only-blk;3TB GoFlexDesk Drive Only-blk;3TB GoFlexDesk Drive Only-blk;;;;85;;;;;
1;3;1969;1;287,943;234,1;4TB USB3.0 GOFLEX DESK ROCKITV2 DRIVE - CUSTOMER RESTRICTED PART NUMBER;STAC4000100;;4TB USB3.0 GOFLEX DESK ROCKITV2 DRIVE - CUSTOMER RESTRICTED PART NUMBER;4TB USB3.0 GOFLEX DESK ROCKITV2 DRIVE - CUSTOMER RESTRICTED PART NUMBER;4TB USB3.0 GOFLEX DESK ROCKITV2 DRIVE - CUSTOMER RESTRICTED PART NUMBER;4TB USB3.0 GOFLEX DESK ROCKITV2 DRIVE - CUSTOMER RESTRICTED PART NUMBER;;;;85;;;;;
1;3;1969;1;285,606;232,2;4TB GoFlexDesk Drive Only-blk;STAC4000401;;4TB GoFlexDesk Drive Only-blk;4TB GoFlexDesk Drive Only-blk;4TB GoFlexDesk Drive Only-blk;4TB GoFlexDesk Drive Only-blk;;;;85;;;;;
1;3;1969;1;146,4192;119,04;500GB FreeAgent GoFlex Pro;STAD500102;;500GB FreeAgent GoFlex Pro;500GB FreeAgent GoFlex Pro;500GB FreeAgent GoFlex Pro;500GB FreeAgent GoFlex Pro;;;;85;;;;;
1;3;1969;1;157,9443;128,41;500GB GOFLEX TURBO USB 3.0 7200 RPM 2.5IN 192BIT TRIPLE DES;STAD500103;;500GB GOFLEX TURBO USB 3.0 7200 RPM 2.5IN 192BIT TRIPLE DES;500GB GOFLEX TURBO USB 3.0 7200 RPM 2.5IN 192BIT TRIPLE DES;500GB GOFLEX TURBO USB 3.0 7200 RPM 2.5IN 192BIT TRIPLE DES;500GB GOFLEX TURBO USB 3.0 7200 RPM 2.5IN 192BIT TRIPLE DES;;;;85;;;;;
1;3;1969;1;169,9983;138,21;750GB FreeAgent GoFlex Pro;STAD750101;;750GB FreeAgent GoFlex Pro;750GB FreeAgent GoFlex Pro;750GB FreeAgent GoFlex Pro;750GB FreeAgent GoFlex Pro;;;;85;;;;;
1;3;1969;1;169,9983;138,21;750GB FreeAgent GoFlex Pro;STAD750102;;750GB FreeAgent GoFlex Pro;750GB FreeAgent GoFlex Pro;750GB FreeAgent GoFlex Pro;750GB FreeAgent GoFlex Pro;;;;85;;;;;
1;3;1969;1;179,7522;146,14;750GB GOFLEX TURBO USB3.0;STAD750103;;750GB GOFLEX TURBO USB3.0;750GB GOFLEX TURBO USB3.0;750GB GOFLEX TURBO USB3.0;750GB GOFLEX TURBO USB3.0;;;;85;;;;;
1;3;1969;1;163,8729;133,23;750GB BLACK FREEAGENT GOFLEX PRO - DRIVE;STAD750400;;750GB BLACK FREEAGENT GOFLEX PRO - DRIVE;750GB BLACK FREEAGENT GOFLEX PRO - DRIVE;750GB BLACK FREEAGENT GOFLEX PRO - DRIVE;750GB BLACK FREEAGENT GOFLEX PRO - DRIVE;;;;85;;;;;
1;3;1969;1;48,093;39,1;FREEAGENT GOFLEX UPG CABLE KIT USB 3.0;STAE101;;FREEAGENT GOFLEX UPG CABLE KIT USB 3.0;FREEAGENT GOFLEX UPG CABLE KIT USB 3.0;FREEAGENT GOFLEX UPG CABLE KIT USB 3.0;FREEAGENT GOFLEX UPG CABLE KIT USB 3.0;;;;85;;;;;
1;3;1969;1;23,8497;19,39;FREEAGENT GOFLEX CABLE-FIREWIRE 800;STAE102;;FREEAGENT GOFLEX CABLE-FIREWIRE 800;FREEAGENT GOFLEX CABLE-FIREWIRE 800;FREEAGENT GOFLEX CABLE-FIREWIRE 800;FREEAGENT GOFLEX CABLE-FIREWIRE 800;;;;85;;;;;
1;3;1969;1;23,8497;19,39;FREEAGENT GOFLEX UPGRADE CABLE - USB 3.0;STAE104;;FREEAGENT GOFLEX UPGRADE CABLE - USB 3.0;FREEAGENT GOFLEX UPGRADE CABLE - USB 3.0;FREEAGENT GOFLEX UPGRADE CABLE - USB 3.0;FREEAGENT GOFLEX UPGRADE CABLE - USB 3.0;;;;85;;;;;
1;3;1969;1;45,8667;37,29;FreeAgent GoFlex Adapter 2.0;STAE105;;FreeAgent GoFlex Adapter 2.0;FreeAgent GoFlex Adapter 2.0;FreeAgent GoFlex Adapter 2.0;FreeAgent GoFlex Adapter 2.0;;;;85;;;;;
1;3;1969;1;22,9395;18,65;FreeAgent GoFlex Upgrade Cable;STAE109;;FreeAgent GoFlex Upgrade Cable;FreeAgent GoFlex Upgrade Cable;FreeAgent GoFlex Upgrade Cable;FreeAgent GoFlex Upgrade Cable;;;;85;;;;;
1;3;1969;1;121,5855;98,85;LIGHTNING QUICK TRANSFERS OF LARGE FILES. CONNECT TO YOUR GOFLEX PORTABLE DRIVEAND THUNDERBOLT CABLE FOR INTERFACE SPEEDS UP TO 20X FASTER THAN USB 2.0.;STAE121;;LIGHTNING QUICK TRANSFERS OF LARGE FILES. CONNECT TO YOUR GOFLEX PORTABLE DRIVEAND THUNDERBOLT CABLE FOR INTERFACE SPEEDS UP TO 20X FASTER THAN USB 2.0.;LIGHTNING QUICK TRANSFERS OF LARGE FILES. CONNECT TO YOUR GOFLEX PORTABLE DRIVEAND THUNDERBOLT CABLE FOR INTERFACE SPEEDS UP TO 20X FASTER THAN USB 2.0.;LIGHTNING QUICK TRANSFERS OF LARGE FILES. CONNECT TO YOUR GOFLEX PORTABLE DRIVEAND THUNDERBOLT CABLE FOR INTERFACE SPEEDS UP TO 20X FASTER THAN USB 2.0.;LIGHTNING QUICK TRANSFERS OF LARGE FILES. CONNECT TO YOUR GOFLEX PORTABLE DRIVEAND THUNDERBOLT CABLE FOR INTERFACE SPEEDS UP TO 20X FASTER THAN USB 2.0.;;;;85;;;;;
1;3;1969;1;230,3544;187,28;3.5IN THUNDERBOLT ADAPTER FOR GOFLEX DESK;STAE122;;3.5IN THUNDERBOLT ADAPTER FOR GOFLEX DESK;3.5IN THUNDERBOLT ADAPTER FOR GOFLEX DESK;3.5IN THUNDERBOLT ADAPTER FOR GOFLEX DESK;3.5IN THUNDERBOLT ADAPTER FOR GOFLEX DESK;;;;85;;;;;
1;3;1969;1;47,5272;38,64;GOFLEX DESK V2 DESKTOP ADAPTER;STAE123;;GOFLEX DESK V2 DESKTOP ADAPTER;GOFLEX DESK V2 DESKTOP ADAPTER;GOFLEX DESK V2 DESKTOP ADAPTER;GOFLEX DESK V2 DESKTOP ADAPTER;;;;85;;;;;
1;3;1969;1;38,13;31;GOFLEX DESK V2 DESKTOP ADAPTER - USB 3.0;STAE124;;GOFLEX DESK V2 DESKTOP ADAPTER - USB 3.0;GOFLEX DESK V2 DESKTOP ADAPTER - USB 3.0;GOFLEX DESK V2 DESKTOP ADAPTER - USB 3.0;GOFLEX DESK V2 DESKTOP ADAPTER - USB 3.0;;;;85;;;;;
1;3;1969;1;18,3516;14,92;FreeAgent Hard Case;STAF106;;FreeAgent Hard Case;FreeAgent Hard Case;FreeAgent Hard Case;FreeAgent Hard Case;;;;85;;;;;
1;3;1969;1;19,1019;15,53;GOFLEX SATELLITE TRAVEL CASE;STAF107;;GOFLEX SATELLITE TRAVEL CASE;GOFLEX SATELLITE TRAVEL CASE;GOFLEX SATELLITE TRAVEL CASE;GOFLEX SATELLITE TRAVEL CASE;;;;85;;;;;
1;3;1969;1;122,016;99,2;FreeAgent GoFlex Net;STAK100;;FreeAgent GoFlex Net;FreeAgent GoFlex Net;FreeAgent GoFlex Net;FreeAgent GoFlex Net;;;;85;;;;;
1;3;1969;1;182,1384;148,08;1TB FREEAGENT GO FLEX HOME USB 2.0 5400 RPM SATA/GIGE 32;STAM1000100;;1TB FREEAGENT GO FLEX HOME USB 2.0 5400 RPM SATA/GIGE 32;1TB FREEAGENT GO FLEX HOME USB 2.0 5400 RPM SATA/GIGE 32;1TB FREEAGENT GO FLEX HOME USB 2.0 5400 RPM SATA/GIGE 32;1TB FREEAGENT GO FLEX HOME USB 2.0 5400 RPM SATA/GIGE 32;;;;85;;;;;
1;3;1969;1;230,3544;187,28;2TB FREEAGENT GO FLEX HOME USB 2.0 5400 RPM SATA/GIGE 33;STAM2000100;;2TB FREEAGENT GO FLEX HOME USB 2.0 5400 RPM SATA/GIGE 33;2TB FREEAGENT GO FLEX HOME USB 2.0 5400 RPM SATA/GIGE 33;2TB FREEAGENT GO FLEX HOME USB 2.0 5400 RPM SATA/GIGE 33;2TB FREEAGENT GO FLEX HOME USB 2.0 5400 RPM SATA/GIGE 33;;;;85;;;;;
1;3;1969;1;256,3689;208,43;3TB FREEAGENT GOFLEX HOME SATA GBE 7200 RPM 64MB 3.5IN;STAM3000100;;3TB FREEAGENT GOFLEX HOME SATA GBE 7200 RPM 64MB 3.5IN;3TB FREEAGENT GOFLEX HOME SATA GBE 7200 RPM 64MB 3.5IN;3TB FREEAGENT GOFLEX HOME SATA GBE 7200 RPM 64MB 3.5IN;3TB FREEAGENT GOFLEX HOME SATA GBE 7200 RPM 64MB 3.5IN;;;;85;;;;;
1;3;1969;1;182,1384;148,08;500GB MOMENTUS XT SSD SATA 2.5IN 32MB;STAN500100;;500GB MOMENTUS XT SSD SATA 2.5IN 32MB;500GB MOMENTUS XT SSD SATA 2.5IN 32MB;500GB MOMENTUS XT SSD SATA 2.5IN 32MB;500GB MOMENTUS XT SSD SATA 2.5IN 32MB;;;;85;;;;;
1;3;1969;1;511,1142;415,54;BLACKARMOR 400 - CASE ONLY // HARDDRIVES;STAR401;;BLACKARMOR 400 - CASE ONLY // HARDDRIVES;BLACKARMOR 400 - CASE ONLY // HARDDRIVES;BLACKARMOR 400 - CASE ONLY // HARDDRIVES;BLACKARMOR 400 - CASE ONLY // HARDDRIVES;;;;85;;;;;
1;3;1969;1;1,353;1,1;FAN REPLACEMENT FOR BLACKARMOR NAS 400 SERIES;STAT400;;FAN REPLACEMENT FOR BLACKARMOR NAS 400 SERIES;FAN REPLACEMENT FOR BLACKARMOR NAS 400 SERIES;FAN REPLACEMENT FOR BLACKARMOR NAS 400 SERIES;FAN REPLACEMENT FOR BLACKARMOR NAS 400 SERIES;;;;85;;;;;
1;3;1969;1;48,0192;39,04;POWER SUPPLY REPLACEMENT FOR BLACKARMOR NAS 400 SERIES;STAT401;;POWER SUPPLY REPLACEMENT FOR BLACKARMOR NAS 400 SERIES;POWER SUPPLY REPLACEMENT FOR BLACKARMOR NAS 400 SERIES;POWER SUPPLY REPLACEMENT FOR BLACKARMOR NAS 400 SERIES;POWER SUPPLY REPLACEMENT FOR BLACKARMOR NAS 400 SERIES;;;;85;;;;;
1;3;1969;1;23,6898;19,26;DRIVE CRADLE REPLACEMENT FOR BLACKARMOR NAS 400 SERIES;STAT403;;DRIVE CRADLE REPLACEMENT FOR BLACKARMOR NAS 400 SERIES;DRIVE CRADLE REPLACEMENT FOR BLACKARMOR NAS 400 SERIES;DRIVE CRADLE REPLACEMENT FOR BLACKARMOR NAS 400 SERIES;DRIVE CRADLE REPLACEMENT FOR BLACKARMOR NAS 400 SERIES;;;;85;;;;;
1;3;1969;1;130,618989;106,1943;DRIVE CRADLE REPLACEMENT FOR BLACKARMOR NAS 200 SERIES;STAT404;;DRIVE CRADLE REPLACEMENT FOR BLACKARMOR NAS 200 SERIES;DRIVE CRADLE REPLACEMENT FOR BLACKARMOR NAS 200 SERIES;DRIVE CRADLE REPLACEMENT FOR BLACKARMOR NAS 200 SERIES;DRIVE CRADLE REPLACEMENT FOR BLACKARMOR NAS 200 SERIES;;;;85;;;;;
1;3;1969;1;19,1142;15,54;BLACKARMOR NAS 200 POWER SUPPLY;STAT405;;BLACKARMOR NAS 200 POWER SUPPLY;BLACKARMOR NAS 200 POWER SUPPLY;BLACKARMOR NAS 200 POWER SUPPLY;BLACKARMOR NAS 200 POWER SUPPLY;;;;85;;;;;
1;3;1969;1;1827,042;1485,4;BLACKARMOR NAS 440 12TB ENET NETWORK STORAGE SVR;STAU12000100;;BLACKARMOR NAS 440 12TB ENET NETWORK STORAGE SVR;BLACKARMOR NAS 440 12TB ENET NETWORK STORAGE SVR;BLACKARMOR NAS 440 12TB ENET NETWORK STORAGE SVR;BLACKARMOR NAS 440 12TB ENET NETWORK STORAGE SVR;;;;85;;;;;
1;3;1969;1;785,6502;638,74;3.5 INCH,BLACKARMOR NAS 220;STAV6000100;;3.5 INCH,BLACKARMOR NAS 220;3.5 INCH,BLACKARMOR NAS 220;3.5 INCH,BLACKARMOR NAS 220;3.5 INCH,BLACKARMOR NAS 220;;;;85;;;;;
1;3;1969;1;349,1109;283,83;3.0TB Black Armor NAS 110;STAW3000100;;3.0TB Black Armor NAS 110;3.0TB Black Armor NAS 110;3.0TB Black Armor NAS 110;3.0TB Black Armor NAS 110;;;;85;;;;;
1;3;1969;1;143,0982;116,34;1TB EXPANSION PORTABLE USB 3.0 2.5IN DRIVE;STAX1000102;;1TB EXPANSION PORTABLE USB 3.0 2.5IN DRIVE;1TB EXPANSION PORTABLE USB 3.0 2.5IN DRIVE;1TB EXPANSION PORTABLE USB 3.0 2.5IN DRIVE;1TB EXPANSION PORTABLE USB 3.0 2.5IN DRIVE;;;;85;;;;;
1;3;1969;1;191,2404;155,48;1.5TB Expansion Portable HD;STAX1500100;;1.5TB Expansion Portable HD;1.5TB Expansion Portable HD;1.5TB Expansion Portable HD;1.5TB Expansion Portable HD;;;;85;;;;;
1;3;1969;1;202,0029;164,23;1.5TB EXPANSION PORTABLE USB 3.0 2.5IN DRIVE;STAX1500102;;1.5TB EXPANSION PORTABLE USB 3.0 2.5IN DRIVE;1.5TB EXPANSION PORTABLE USB 3.0 2.5IN DRIVE;1.5TB EXPANSION PORTABLE USB 3.0 2.5IN DRIVE;1.5TB EXPANSION PORTABLE USB 3.0 2.5IN DRIVE;;;;85;;;;;
1;3;1969;1;116,1366;94,42;500GB EXPANSION PORTABLE USB 3.0 2.5IN DRIVE;STAX500102;;500GB EXPANSION PORTABLE USB 3.0 2.5IN DRIVE;500GB EXPANSION PORTABLE USB 3.0 2.5IN DRIVE;500GB EXPANSION PORTABLE USB 3.0 2.5IN DRIVE;500GB EXPANSION PORTABLE USB 3.0 2.5IN DRIVE;;;;85;;;;;
1;3;1969;1;133,9962;108,94;750GB EXPANSION PORTABLE DRIVE USB3.0;STAX750102;;750GB EXPANSION PORTABLE DRIVE USB3.0;750GB EXPANSION PORTABLE DRIVE USB3.0;750GB EXPANSION PORTABLE DRIVE USB3.0;750GB EXPANSION PORTABLE DRIVE USB3.0;;;;85;;;;;
1;3;1969;1;109,8144;89,28;1TB EXPANSION EXTERNAL USB 3.0 3.5IN DRIVE;STAY1000102;;1TB EXPANSION EXTERNAL USB 3.0 3.5IN DRIVE;1TB EXPANSION EXTERNAL USB 3.0 3.5IN DRIVE;1TB EXPANSION EXTERNAL USB 3.0 3.5IN DRIVE;1TB EXPANSION EXTERNAL USB 3.0 3.5IN DRIVE;;;;85;;;;;
1;3;1969;1;123,5289;100,43;2TB EXPANSION EXTERNAL USB 3.0 3.5IN DRIVE;STAY2000102;;2TB EXPANSION EXTERNAL USB 3.0 3.5IN DRIVE;2TB EXPANSION EXTERNAL USB 3.0 3.5IN DRIVE;2TB EXPANSION EXTERNAL USB 3.0 3.5IN DRIVE;2TB EXPANSION EXTERNAL USB 3.0 3.5IN DRIVE;;;;85;;;;;
1;3;1969;1;191,2404;155,48;3TB Expansion External HD;STAY3000100;;3TB Expansion External HD;3TB Expansion External HD;3TB Expansion External HD;3TB Expansion External HD;;;;85;;;;;
1;3;1969;1;191,2404;155,48;3TB EXPANSION EXTERNAL USB 3.0 3.5IN DRIVE;STAY3000102;;3TB EXPANSION EXTERNAL USB 3.0 3.5IN DRIVE;3TB EXPANSION EXTERNAL USB 3.0 3.5IN DRIVE;3TB EXPANSION EXTERNAL USB 3.0 3.5IN DRIVE;3TB EXPANSION EXTERNAL USB 3.0 3.5IN DRIVE;;;;85;;;;;
1;3;1969;1;202,0029;164,23;1TB GOFLEX&TRADE USB 2.0/FW800 5400 RPM 2.5IN FOR MAC;STBA1000100;;1TB GOFLEX&TRADE USB 2.0/FW800 5400 RPM 2.5IN FOR MAC;1TB GOFLEX&TRADE USB 2.0/FW800 5400 RPM 2.5IN FOR MAC;1TB GOFLEX&TRADE USB 2.0/FW800 5400 RPM 2.5IN FOR MAC;1TB GOFLEX&TRADE USB 2.0/FW800 5400 RPM 2.5IN FOR MAC;;;;85;;;;;
1;3;1969;1;202,0029;164,23;1TB GOFLEX LIMITED ED USB 2.0/FW800 2.5IN FOR MAC;STBA1000101;;1TB GOFLEX LIMITED ED USB 2.0/FW800 2.5IN FOR MAC;1TB GOFLEX LIMITED ED USB 2.0/FW800 2.5IN FOR MAC;1TB GOFLEX LIMITED ED USB 2.0/FW800 2.5IN FOR MAC;1TB GOFLEX LIMITED ED USB 2.0/FW800 2.5IN FOR MAC;;;;85;;;;;
1;3;1969;1;164,1189;133,43;1TB GOFLEX FOR MAC USB2.0;STBA1000102;;1TB GOFLEX FOR MAC USB2.0;1TB GOFLEX FOR MAC USB2.0;1TB GOFLEX FOR MAC USB2.0;1TB GOFLEX FOR MAC USB2.0;;;;85;;;;;
1;3;1969;1;378,471;307,7;1TB GOFLEX KIT BLACK WITH THUNDERBOLT ADAPTER 2.5IN FOR MAC;STBA1000104;;1TB GOFLEX KIT BLACK WITH THUNDERBOLT ADAPTER 2.5IN FOR MAC;1TB GOFLEX KIT BLACK WITH THUNDERBOLT ADAPTER 2.5IN FOR MAC;1TB GOFLEX KIT BLACK WITH THUNDERBOLT ADAPTER 2.5IN FOR MAC;1TB GOFLEX KIT BLACK WITH THUNDERBOLT ADAPTER 2.5IN FOR MAC;;;;85;;;;;
1;3;1969;1;242,8512;197,44;1.5TB GOFLEX USB 2.0/FW 800 5400 RPM 16MB FOR MAC;STBA1500100;;1.5TB GOFLEX USB 2.0/FW 800 5400 RPM 16MB FOR MAC;1.5TB GOFLEX USB 2.0/FW 800 5400 RPM 16MB FOR MAC;1.5TB GOFLEX USB 2.0/FW 800 5400 RPM 16MB FOR MAC;1.5TB GOFLEX USB 2.0/FW 800 5400 RPM 16MB FOR MAC;;;;85;;;;;
1;3;1969;1;128,5719;104,53;500GB GOFLEX&TRADE USB 2.0 5400 RPM 2.5IN FOR MAC;STBA500100;;500GB GOFLEX&TRADE USB 2.0 5400 RPM 2.5IN FOR MAC;500GB GOFLEX&TRADE USB 2.0 5400 RPM 2.5IN FOR MAC;500GB GOFLEX&TRADE USB 2.0 5400 RPM 2.5IN FOR MAC;500GB GOFLEX&TRADE USB 2.0 5400 RPM 2.5IN FOR MAC;;;;85;;;;;
1;3;1969;1;157,8459;128,33;500GB GOFLEX PRO USB 2.0/FW 800 7200 RPM 8MB FOR MAC;STBB500100;;500GB GOFLEX PRO USB 2.0/FW 800 7200 RPM 8MB FOR MAC;500GB GOFLEX PRO USB 2.0/FW 800 7200 RPM 8MB FOR MAC;500GB GOFLEX PRO USB 2.0/FW 800 7200 RPM 8MB FOR MAC;500GB GOFLEX PRO USB 2.0/FW 800 7200 RPM 8MB FOR MAC;;;;85;;;;;
1;3;1969;1;182,1384;148,08;750GB FreeAgent GoFlex Pro Mac;STBB750100;;750GB FreeAgent GoFlex Pro Mac;750GB FreeAgent GoFlex Pro Mac;750GB FreeAgent GoFlex Pro Mac;750GB FreeAgent GoFlex Pro Mac;;;;85;;;;;
1;3;1969;1;194,2785;157,95;2TB FreeAgent GoFlexDesk-Mac;STBC2000100;;2TB FreeAgent GoFlexDesk-Mac;2TB FreeAgent GoFlexDesk-Mac;2TB FreeAgent GoFlexDesk-Mac;2TB FreeAgent GoFlexDesk-Mac;;;;85;;;;;
1;3;1969;1;194,2785;157,95;2TB GOFLEX DESK V2 FW 800 USB 2.0 5900 RPM 32MB 3.5IN;STBC2000101;;2TB GOFLEX DESK V2 FW 800 USB 2.0 5900 RPM 32MB 3.5IN;2TB GOFLEX DESK V2 FW 800 USB 2.0 5900 RPM 32MB 3.5IN;2TB GOFLEX DESK V2 FW 800 USB 2.0 5900 RPM 32MB 3.5IN;2TB GOFLEX DESK V2 FW 800 USB 2.0 5900 RPM 32MB 3.5IN;;;;85;;;;;
1;3;1969;1;279,2838;227,06;3TB FreeAgent GoFlexDesk-Mac;STBC3000100;;3TB FreeAgent GoFlexDesk-Mac;3TB FreeAgent GoFlexDesk-Mac;3TB FreeAgent GoFlexDesk-Mac;3TB FreeAgent GoFlexDesk-Mac;;;;85;;;;;
1;3;1969;1;242,4084;197,08;3TB GOFLEX DESK V2 FW 800 USB 2.0 7200 RPM 64MB 3.5IN;STBC3000101;;3TB GOFLEX DESK V2 FW 800 USB 2.0 7200 RPM 64MB 3.5IN;3TB GOFLEX DESK V2 FW 800 USB 2.0 7200 RPM 64MB 3.5IN;3TB GOFLEX DESK V2 FW 800 USB 2.0 7200 RPM 64MB 3.5IN;3TB GOFLEX DESK V2 FW 800 USB 2.0 7200 RPM 64MB 3.5IN;;;;85;;;;;
1;3;1969;1;560,1297;455,39;3TB GOFLEX DESK KIT BLACK WITH THUNDERBOLT ADAPTER 3.5IN FOR MAC;STBC3000102;;3TB GOFLEX DESK KIT BLACK WITH THUNDERBOLT ADAPTER 3.5IN FOR MAC;3TB GOFLEX DESK KIT BLACK WITH THUNDERBOLT ADAPTER 3.5IN FOR MAC;3TB GOFLEX DESK KIT BLACK WITH THUNDERBOLT ADAPTER 3.5IN FOR MAC;3TB GOFLEX DESK KIT BLACK WITH THUNDERBOLT ADAPTER 3.5IN FOR MAC;;;;85;;;;;
1;3;1969;1;345,5316;280,92;4TB GOFLEX DESK USB 2.0/FW800 3.5IN FOR MAC;STBC4000100;;4TB GOFLEX DESK USB 2.0/FW800 3.5IN FOR MAC;4TB GOFLEX DESK USB 2.0/FW800 3.5IN FOR MAC;4TB GOFLEX DESK USB 2.0/FW800 3.5IN FOR MAC;4TB GOFLEX DESK USB 2.0/FW800 3.5IN FOR MAC;;;;85;;;;;
1;3;1969;1;149,6295;121,65;1TB MOMENTUSLP 2.5SATA 5400RPM RETL KIT;STBD1000100;;1TB MOMENTUSLP 2.5SATA 5400RPM RETL KIT;1TB MOMENTUSLP 2.5SATA 5400RPM RETL KIT;1TB MOMENTUSLP 2.5SATA 5400RPM RETL KIT;1TB MOMENTUSLP 2.5SATA 5400RPM RETL KIT;;;;85;;;;;
1;3;1969;1;217,1811;176,57;2TB BARRACUDA SATA 7200 RPM 64MB 3.5IN INT RETAIL KIT;STBD2000101;;2TB BARRACUDA SATA 7200 RPM 64MB 3.5IN INT RETAIL KIT;2TB BARRACUDA SATA 7200 RPM 64MB 3.5IN INT RETAIL KIT;2TB BARRACUDA SATA 7200 RPM 64MB 3.5IN INT RETAIL KIT;2TB BARRACUDA SATA 7200 RPM 64MB 3.5IN INT RETAIL KIT;;;;85;;;;;
1;3;1969;1;259,1487;210,69;3TB BARRACUDA SATA 7200 RPM 64MB 3.5IN INTERNAL RETAIL KIT;STBD3000100;;3TB BARRACUDA SATA 7200 RPM 64MB 3.5IN INTERNAL RETAIL KIT;3TB BARRACUDA SATA 7200 RPM 64MB 3.5IN INTERNAL RETAIL KIT;3TB BARRACUDA SATA 7200 RPM 64MB 3.5IN INTERNAL RETAIL KIT;3TB BARRACUDA SATA 7200 RPM 64MB 3.5IN INTERNAL RETAIL KIT;;;;85;;;;;
1;3;1969;1;272,7894;221,78;750GB MOMENTUSXT SATA 7200 RPM 16MB 2.5IN INTERNAL RETAIL KIT;STBD750100;;750GB MOMENTUSXT SATA 7200 RPM 16MB 2.5IN INTERNAL RETAIL KIT;750GB MOMENTUSXT SATA 7200 RPM 16MB 2.5IN INTERNAL RETAIL KIT;750GB MOMENTUSXT SATA 7200 RPM 16MB 2.5IN INTERNAL RETAIL KIT;750GB MOMENTUSXT SATA 7200 RPM 16MB 2.5IN INTERNAL RETAIL KIT;;;;85;;;;;
1;3;1969;1;109,8144;89,28;320GB FreeAgent GoFlex Slim;STBE320100;;320GB FreeAgent GoFlex Slim;320GB FreeAgent GoFlex Slim;320GB FreeAgent GoFlex Slim;320GB FreeAgent GoFlex Slim;;;;85;;;;;
1;3;1969;1;144,0822;117,14;500GB GOFLEX SLIM USB 3.0 5400 RPM 2.5IN;STBE500100;;500GB GOFLEX SLIM USB 3.0 5400 RPM 2.5IN;500GB GOFLEX SLIM USB 3.0 5400 RPM 2.5IN;500GB GOFLEX SLIM USB 3.0 5400 RPM 2.5IN;500GB GOFLEX SLIM USB 3.0 5400 RPM 2.5IN;;;;85;;;;;
1;3;1969;1;267,7341;217,67;500GB GOFLEX SATELLITE KIT USB 3.0 WL 2.5IN W/WALL AND CAR CHARGER;STBF500101;;500GB GOFLEX SATELLITE KIT USB 3.0 WL 2.5IN W/WALL AND CAR CHARGER;500GB GOFLEX SATELLITE KIT USB 3.0 WL 2.5IN W/WALL AND CAR CHARGER;500GB GOFLEX SATELLITE KIT USB 3.0 WL 2.5IN W/WALL AND CAR CHARGER;500GB GOFLEX SATELLITE KIT USB 3.0 WL 2.5IN W/WALL AND CAR CHARGER;;;;85;;;;;
1;3;1969;1;109,8144;89,28;320GB GOFLEX SLIM USB 2.0 7200 RPM 2.5IN FOR MAC;STBL320100;;320GB GOFLEX SLIM USB 2.0 7200 RPM 2.5IN FOR MAC;320GB GOFLEX SLIM USB 2.0 7200 RPM 2.5IN FOR MAC;320GB GOFLEX SLIM USB 2.0 7200 RPM 2.5IN FOR MAC;320GB GOFLEX SLIM USB 2.0 7200 RPM 2.5IN FOR MAC;;;;85;;;;;
1;3;1969;1;144,0822;117,14;500GB GOFLEX SLIM USB 2.0 5400 RPM 2.5IN FOR MAC;STBL500100;;500GB GOFLEX SLIM USB 2.0 5400 RPM 2.5IN FOR MAC;500GB GOFLEX SLIM USB 2.0 5400 RPM 2.5IN FOR MAC;500GB GOFLEX SLIM USB 2.0 5400 RPM 2.5IN FOR MAC;500GB GOFLEX SLIM USB 2.0 5400 RPM 2.5IN FOR MAC;;;;85;;;;;
1;3;1969;1;724,6914;589,18;500GB FUSION USB 2.0 7200 RPM 16MB 2X ENET MAC PC;STM305004FSAA0G-RK;;500GB FUSION USB 2.0 7200 RPM 16MB 2X ENET MAC PC;500GB FUSION USB 2.0 7200 RPM 16MB 2X ENET MAC PC;500GB FUSION USB 2.0 7200 RPM 16MB 2X ENET MAC PC;500GB FUSION USB 2.0 7200 RPM 16MB 2X ENET MAC PC;;;;85;;;;;
1;3;1969;1;363,711;295,7;1TB GBE 7200 RPM 32MB 3.5IN ;STM310005CDA00G-RK;;1TB GBE 7200 RPM 32MB 3.5IN ;1TB GBE 7200 RPM 32MB 3.5IN ;1TB GBE 7200 RPM 32MB 3.5IN ;1TB GBE 7200 RPM 32MB 3.5IN ;;;;85;;;;;
